id,date,venue,temperature,precipitation
21700001,17/10/2017,Quicken Loans Arena,53.51,0
21700002,17/10/2017,Oracle Arena,81.79,0
21700003,18/10/2017,Little Caesars Arena,67.3,0
21700004,18/10/2017,Bankers Life Fieldhouse,65.36,0
21700005,18/10/2017,Amway Center,75.14,0.0005
21700006,18/10/2017,Capital Center,58.99,0
21700007,18/10/2017,Td Garden,53.44,0
21700008,18/10/2017,Fedex Forum,69.94,0
21700009,18/10/2017,American Airlines Center,75.73,0
21700010,18/10/2017,Vivint Smart Home Arena,70.78,0
21700011,18/10/2017,At&t Center,78.2,0
21700012,18/10/2017,Talking Stick Resort Arena,97.57,0
21700013,18/10/2017,Golden 1 Center,80.65,0
21700014,19/10/2017,Scotiabank Arena,65.99,0
21700015,19/10/2017,Chesapeake Energy Arena,79.25,0
21700016,19/10/2017,Staples Center,84.6,0
21700017,20/10/2017,Spectrum Center,69.89,0
21700018,20/10/2017,Bankers Life Fieldhouse,73.25,0
21700019,20/10/2017,Wells Fargo Arena,95.04,0
21700020,20/10/2017,Capital Center,68.67,0
21700021,20/10/2017,Fiserv Forum,64.25,0
21700022,20/10/2017,Barclays Center,67.61,0
21700023,20/10/2017,Target Center,71.98,0
21700024,20/10/2017,American Airlines Center,81.47,0
21700025,20/10/2017,Smoothie King Center,78.99,0
21700026,20/10/2017,Talking Stick Resort Arena,95.32,0
21700027,21/10/2017,Scotiabank Arena,65.64,0
21700028,21/10/2017,Quicken Loans Arena,71.3,0
21700029,21/10/2017,American Airlines Center,81.79,0
21700030,21/10/2017,Madison Square Garden,70.34,0
21700031,21/10/2017,United Center,76.35,0
21700032,21/10/2017,Toyota Center,77.38,0
21700033,21/10/2017,Fedex Forum,74.24,0
21700034,21/10/2017,Fiserv Forum,75.14,0
21700035,21/10/2017,Pepsi Center,77.18,0
21700036,21/10/2017,Vivint Smart Home Arena,44.13,0.0054
21700037,21/10/2017,Staples Center,71.5,0
21700038,22/10/2017,Barclays Center,69.55,0
21700039,22/10/2017,Chesapeake Energy Arena,77.57,0
21700040,22/10/2017,Staples Center,77.93,0
21700041,23/10/2017,Little Caesars Arena,73.77,0
21700042,23/10/2017,American Airlines Center,72.79,0
21700043,23/10/2017,Toyota Center,72.75,0
21700044,23/10/2017,Fiserv Forum,51.38,0.0303
21700045,23/10/2017,American Airlines Center,72.79,0.0002
21700046,23/10/2017,At&t Center,80.35,0
21700047,23/10/2017,Pepsi Center,66.4,0
21700048,23/10/2017,Talking Stick Resort Arena,92.01,0
21700049,24/10/2017,Quicken Loans Arena,64.17,0.0525
21700050,24/10/2017,Amway Center,78.56,0.0109
21700051,24/10/2017,Td Garden,62.18,0
21700052,24/10/2017,Target Center,50.22,0
21700053,24/10/2017,Moda Center,64.67,0
21700054,24/10/2017,Staples Center,102.09,0
21700055,25/10/2017,Spectrum Center,67.09,0
21700056,25/10/2017,Little Caesars Arena,50.34,0
21700057,25/10/2017,Wells Fargo Arena,98.3,0
21700058,25/10/2017,Barclays Center,68.86,0.005
21700059,25/10/2017,American Airlines Center,70.4,0
21700060,25/10/2017,Chesapeake Energy Arena,63.13,0
21700061,25/10/2017,American Airlines Center,70.4,0
21700062,25/10/2017,Talking Stick Resort Arena,98.61,0
21700063,25/10/2017,Oracle Arena,89.48,0
21700064,25/10/2017,Staples Center,102.8,0
21700065,26/10/2017,United Center,51.08,0
21700066,26/10/2017,Fedex Forum,63.82,0
21700067,26/10/2017,Fiserv Forum,48.7,0
21700068,26/10/2017,Moda Center,63.91,0
21700069,26/10/2017,Golden 1 Center,86.24,0
21700070,27/10/2017,Spectrum Center,61.06,0
21700071,27/10/2017,Amway Center,70.19,0
21700072,27/10/2017,State Farm Arena,68.68,0
21700073,27/10/2017,Madison Square Garden,56.28,0
21700074,27/10/2017,Target Center,41.34,0
21700075,27/10/2017,Oracle Arena,85.43,0
21700076,27/10/2017,Staples Center,91.73,0
21700077,28/10/2017,Smoothie King Center,78.04,0
21700078,28/10/2017,American Airlines Center,49.34,0
21700079,28/10/2017,United Center,40.5,0
21700080,28/10/2017,Fedex Forum,42.75,0.2305
21700081,28/10/2017,American Airlines Center,49.34,0
21700082,28/10/2017,Vivint Smart Home Arena,59.65,0
21700083,28/10/2017,Moda Center,71.3,0
21700084,28/10/2017,Staples Center,86.83,0
21700085,29/10/2017,State Farm Arena,50.16,0.2236
21700086,29/10/2017,Bankers Life Fieldhouse,39.71,0
21700087,29/10/2017,Barclays Center,64.43,0
21700088,29/10/2017,Spectrum Center,69.95,0
21700089,29/10/2017,Golden 1 Center,84.83,0
21700090,29/10/2017,Quicken Loans Arena,40.83,0
21700091,29/10/2017,Oracle Arena,74.37,0
21700092,30/10/2017,Td Garden,60.29,0.0106
21700093,30/10/2017,American Airlines Center,75.85,0
21700094,30/10/2017,Madison Square Garden,64.99,0.1394
21700095,30/10/2017,Toyota Center,67.88,0
21700096,30/10/2017,Fedex Forum,51.43,0
21700097,30/10/2017,Smoothie King Center,60.76,0
21700098,30/10/2017,Vivint Smart Home Arena,67.76,0
21700099,30/10/2017,Moda Center,58.02,0
21700100,30/10/2017,Staples Center,72.14,0
21700101,31/10/2017,Bankers Life Fieldhouse,42.81,0
21700102,31/10/2017,Barclays Center,52.92,0
21700103,31/10/2017,Fiserv Forum,40.07,0
21700104,31/10/2017,Staples Center,67.65,0
21700105,01/11/2017,Spectrum Center,60.59,0
21700106,01/11/2017,Quicken Loans Arena,39.97,0
21700107,01/11/2017,Wells Fargo Arena,79.49,0
21700108,01/11/2017,Capital Center,50.96,0
21700109,01/11/2017,Td Garden,49.91,0
21700110,01/11/2017,American Airlines Center,53.16,0.0026
21700111,01/11/2017,Madison Square Garden,51.7,0
21700112,01/11/2017,Fedex Forum,52.41,0
21700113,01/11/2017,Smoothie King Center,71.43,0
21700114,01/11/2017,Pepsi Center,51.38,0
21700115,01/11/2017,Vivint Smart Home Arena,53.54,0
21700116,01/11/2017,Staples Center,67.59,0
21700117,02/11/2017,At&t Center,80.01,0
21700118,02/11/2017,Moda Center,56.82,0
21700119,03/11/2017,Little Caesars Arena,58.1,0.0013
21700120,03/11/2017,Amway Center,74.57,0
21700121,03/11/2017,Wells Fargo Arena,80.56,0
21700122,03/11/2017,Capital Center,67.86,0
21700123,03/11/2017,State Farm Arena,69.14,0
21700124,03/11/2017,Madison Square Garden,66.48,0
21700125,03/11/2017,American Airlines Center,89.76,0
21700126,03/11/2017,At&t Center,84.37,0
21700127,03/11/2017,Pepsi Center,47.67,0
21700128,03/11/2017,Vivint Smart Home Arena,65.5,0
21700129,03/11/2017,Chesapeake Energy Arena,66.76,0
21700130,03/11/2017,Staples Center,64.76,0
21700131,04/11/2017,Staples Center,68.71,0
21700132,04/11/2017,Little Caesars Arena,44.91,0
21700133,04/11/2017,United Center,45.94,0
21700134,04/11/2017,Target Center,31.21,0.0006
21700135,04/11/2017,Pepsi Center,56.95,0
21700136,05/11/2017,Quicken Loans Arena,56.81,0
21700137,05/11/2017,Staples Center,70.08,0
21700138,05/11/2017,Amway Center,75.7,0
21700139,05/11/2017,Scotiabank Arena,42.81,0
21700140,05/11/2017,Toyota Center,81.61,0
21700141,05/11/2017,At&t Center,82.67,0
21700142,05/11/2017,Madison Square Garden,51.27,0
21700143,05/11/2017,Target Center,40.8,0.0002
21700144,05/11/2017,Moda Center,46.13,0.0008
21700145,05/11/2017,Staples Center,70.08,0
21700146,06/11/2017,State Farm Arena,69.22,0
21700147,06/11/2017,Talking Stick Resort Arena,78.69,0
21700148,06/11/2017,Oracle Arena,59.64,0
21700149,07/11/2017,Quicken Loans Arena,44.53,0
21700150,07/11/2017,Bankers Life Fieldhouse,48.78,0
21700151,07/11/2017,Capital Center,66.54,0.0037
21700152,07/11/2017,Madison Square Garden,60.05,0.0003
21700153,07/11/2017,Scotiabank Arena,42.85,0
21700154,07/11/2017,At&t Center,86.84,0
21700155,07/11/2017,Pepsi Center,40.72,0
21700156,07/11/2017,Vivint Smart Home Arena,46.16,0
21700157,07/11/2017,Moda Center,48.37,0
21700158,07/11/2017,Golden 1 Center,63.22,0
21700159,08/11/2017,Little Caesars Arena,44.28,0
21700160,08/11/2017,Amway Center,77.07,0
21700161,08/11/2017,Td Garden,44.7,0
21700162,08/11/2017,Talking Stick Resort Arena,79.69,0
21700163,08/11/2017,Oracle Arena,64.69,0
21700164,09/11/2017,Capital Center,46.61,0
21700165,09/11/2017,Scotiabank Arena,43.19,0
21700166,09/11/2017,Toyota Center,57.41,0.0002
21700167,09/11/2017,Golden 1 Center,62.94,0
21700168,09/11/2017,Pepsi Center,52.02,0.0004
21700169,10/11/2017,Little Caesars Arena,38.85,0
21700170,10/11/2017,Td Garden,43.82,0
21700171,10/11/2017,United Center,35.09,0
21700172,10/11/2017,Chesapeake Energy Arena,55.97,0
21700173,10/11/2017,At&t Center,59.98,0
21700174,10/11/2017,Talking Stick Resort Arena,85.02,0
21700175,10/11/2017,Vivint Smart Home Arena,56.56,0
21700176,10/11/2017,Moda Center,52.46,0.0302
21700177,11/11/2017,Capital Center,36.05,0
21700178,11/11/2017,Smoothie King Center,65.37,0
21700179,11/11/2017,Madison Square Garden,29.72,0
21700180,11/11/2017,Toyota Center,66.52,0
21700181,11/11/2017,American Airlines Center,63.12,0
21700182,11/11/2017,Fiserv Forum,29.48,0
21700183,11/11/2017,At&t Center,61.39,0
21700184,11/11/2017,Oracle Arena,62.67,0.0009
21700185,11/11/2017,Pepsi Center,56.55,0
21700186,11/11/2017,Talking Stick Resort Arena,84.79,0
21700187,11/11/2017,Vivint Smart Home Arena,51.2,0
21700188,12/11/2017,Td Garden,29.31,0
21700189,12/11/2017,Little Caesars Arena,34.39,0
21700190,12/11/2017,Bankers Life Fieldhouse,38.75,0.0002
21700191,12/11/2017,Chesapeake Energy Arena,58.29,0
21700192,13/11/2017,Capital Center,43.01,0
21700193,13/11/2017,Madison Square Garden,41.55,0
21700194,13/11/2017,Fiserv Forum,37.14,0.0003
21700195,13/11/2017,Smoothie King Center,68.67,0
21700196,13/11/2017,Talking Stick Resort Arena,85.75,0
21700197,13/11/2017,Vivint Smart Home Arena,53.65,0
21700198,13/11/2017,Moda Center,56.23,0.0003
21700199,13/11/2017,Oracle Arena,64.27,0
21700200,13/11/2017,Staples Center,68.68,0
21700201,14/11/2017,Barclays Center,43.86,0.0003
21700202,14/11/2017,Toyota Center,73.77,0
21700203,14/11/2017,American Airlines Center,64.93,0
21700204,15/11/2017,State Farm Arena,53.43,0
21700205,15/11/2017,American Airlines Center,75.19,0
21700206,15/11/2017,Madison Square Garden,43.38,0
21700207,15/11/2017,Spectrum Center,49.81,0
21700208,15/11/2017,Fedex Forum,59.15,0
21700209,15/11/2017,Fiserv Forum,45.33,0
21700210,15/11/2017,Target Center,43.44,0
21700211,15/11/2017,Smoothie King Center,67.14,0
21700212,15/11/2017,Chesapeake Energy Arena,70.31,0
21700213,15/11/2017,Moda Center,55.82,0
21700214,15/11/2017,Staples Center,76.29,0
21700215,16/11/2017,Td Garden,36.09,0
21700216,16/11/2017,Talking Stick Resort Arena,84.01,0
21700217,17/11/2017,Bankers Life Fieldhouse,36.98,0
21700218,17/11/2017,Capital Center,51.03,0
21700219,17/11/2017,Barclays Center,48.84,0
21700220,17/11/2017,Quicken Loans Arena,41.07,0
21700221,17/11/2017,Scotiabank Arena,38.55,0
21700222,17/11/2017,United Center,36.72,0
21700223,17/11/2017,At&t Center,81.47,0
21700224,17/11/2017,American Airlines Center,72.55,0
21700225,17/11/2017,Golden 1 Center,56.72,0.0178
21700226,17/11/2017,Pepsi Center,70.3,0
21700227,17/11/2017,Staples Center,76.21,0
21700228,18/11/2017,Spectrum Center,51.01,0
21700229,18/11/2017,Amway Center,69.46,0
21700230,18/11/2017,State Farm Arena,58.55,0
21700231,18/11/2017,Wells Fargo Arena,78.37,0
21700232,18/11/2017,Fedex Forum,69.63,0
21700233,18/11/2017,American Airlines Center,80.69,0
21700234,18/11/2017,Moda Center,49.8,0.0041
21700235,19/11/2017,American Airlines Center,59,0
21700236,19/11/2017,Barclays Center,48.07,0.0293
21700237,19/11/2017,Scotiabank Arena,46.1,0.0891
21700238,19/11/2017,Target Center,29.37,0
21700239,19/11/2017,Talking Stick Resort Arena,78.34,0
21700240,19/11/2017,Staples Center,75.6,0
21700241,20/11/2017,Spectrum Center,48.35,0
21700242,20/11/2017,Little Caesars Arena,32.92,0
21700243,20/11/2017,Amway Center,70.76,0
21700244,20/11/2017,Wells Fargo Arena,81.02,0
21700245,20/11/2017,Madison Square Garden,45.5,0
21700246,20/11/2017,Fedex Forum,45.9,0
21700247,20/11/2017,Fiserv Forum,30.53,0
21700248,20/11/2017,Smoothie King Center,58.98,0
21700249,20/11/2017,American Airlines Center,59.51,0
21700250,20/11/2017,At&t Center,61.78,0
21700251,20/11/2017,Golden 1 Center,61.22,0
21700252,21/11/2017,Staples Center,74.12,0
21700253,22/11/2017,Spectrum Center,57.21,0
21700254,22/11/2017,Quicken Loans Arena,51.2,0
21700255,22/11/2017,Wells Fargo Arena,77.85,0
21700256,22/11/2017,State Farm Arena,61.66,0
21700257,22/11/2017,American Airlines Center,65.4,0
21700258,22/11/2017,Madison Square Garden,51.41,0
21700259,22/11/2017,Toyota Center,73.15,0
21700260,22/11/2017,Fedex Forum,56.48,0
21700261,22/11/2017,Target Center,26.19,0
21700262,22/11/2017,Smoothie King Center,65.79,0
21700263,22/11/2017,Chesapeake Energy Arena,57.28,0
21700264,22/11/2017,Talking Stick Resort Arena,78.24,0
21700265,22/11/2017,Vivint Smart Home Arena,59.02,0
21700266,22/11/2017,Golden 1 Center,64.15,0
21700267,24/11/2017,Barclays Center,38.35,0
21700268,24/11/2017,State Farm Arena,53.09,0
21700269,24/11/2017,Td Garden,33.83,0
21700270,24/11/2017,Quicken Loans Arena,38.35,0
21700271,24/11/2017,Bankers Life Fieldhouse,41.37,0
21700272,24/11/2017,Target Center,41.46,0
21700273,24/11/2017,Chesapeake Energy Arena,66.14,0
21700274,24/11/2017,Pepsi Center,64.12,0
21700275,24/11/2017,Talking Stick Resort Arena,87.51,0
21700276,24/11/2017,Oracle Arena,67.19,0
21700277,25/11/2017,Spectrum Center,49.69,0
21700278,25/11/2017,Wells Fargo Arena,85.52,0
21700279,25/11/2017,Capital Center,46.68,0
21700280,25/11/2017,State Farm Arena,54.28,0
21700281,25/11/2017,Bankers Life Fieldhouse,53.97,0
21700282,25/11/2017,Toyota Center,68.34,0
21700283,25/11/2017,American Airlines Center,72.83,0
21700284,25/11/2017,Oracle Arena,70.31,0
21700285,25/11/2017,Vivint Smart Home Arena,55.87,0
21700286,25/11/2017,Golden 1 Center,67.46,0
21700287,26/11/2017,United Center,45.58,0
21700288,26/11/2017,Target Center,35.5,0
21700289,26/11/2017,Fedex Forum,59.16,0
21700290,27/11/2017,Bankers Life Fieldhouse,44.66,0
21700291,27/11/2017,Wells Fargo Arena,88.29,0
21700292,27/11/2017,Td Garden,38.27,0
21700293,27/11/2017,Madison Square Garden,42.06,0
21700294,27/11/2017,Toyota Center,71.52,0
21700295,27/11/2017,At&t Center,75.81,0
21700296,27/11/2017,Oracle Arena,61.25,0.0282
21700297,27/11/2017,Staples Center,70.24,0
21700298,28/11/2017,Quicken Loans Arena,45.08,0
21700299,28/11/2017,United Center,52.11,0
21700300,28/11/2017,Target Center,56.81,0
21700301,28/11/2017,Vivint Smart Home Arena,41.47,0.0287
21700302,28/11/2017,Golden 1 Center,58.97,0
21700303,29/11/2017,Little Caesars Arena,59.97,0
21700304,29/11/2017,Amway Center,73.56,0
21700305,29/11/2017,Wells Fargo Arena,73.32,0
21700306,29/11/2017,Madison Square Garden,49.57,0
21700307,29/11/2017,Scotiabank Arena,56.7,0
21700308,29/11/2017,Toyota Center,72.12,0
21700309,29/11/2017,Smoothie King Center,67.27,0
21700310,29/11/2017,American Airlines Center,75.12,0
21700311,29/11/2017,At&t Center,77,0
21700312,29/11/2017,Staples Center,74.23,0
21700313,30/11/2017,State Farm Arena,58.98,0
21700314,30/11/2017,Td Garden,46.02,0
21700315,30/11/2017,Pepsi Center,61.16,0
21700316,30/11/2017,Moda Center,50.2,0
21700317,30/11/2017,Staples Center,72.82,0
21700318,01/12/2017,Amway Center,71.38,0
21700319,01/12/2017,Scotiabank Arena,43.55,0
21700320,01/12/2017,Capital Center,52.26,0
21700321,01/12/2017,American Airlines Center,64.07,0
21700322,01/12/2017,United Center,48.76,0
21700323,01/12/2017,Fedex Forum,59.33,0
21700324,01/12/2017,Chesapeake Energy Arena,54.67,0
21700325,01/12/2017,Vivint Smart Home Arena,47.38,0
21700326,02/12/2017,Td Garden,44.5,0
21700327,02/12/2017,American Airlines Center,68.98,0
21700328,02/12/2017,Barclays Center,46.01,0
21700329,02/12/2017,Quicken Loans Arena,39.11,0
21700330,02/12/2017,Wells Fargo Arena,76.07,0
21700331,02/12/2017,Fiserv Forum,45.59,0
21700332,02/12/2017,Pepsi Center,55.13,0
21700333,02/12/2017,Moda Center,48.67,0
21700334,03/12/2017,Madison Square Garden,44.07,0
21700335,03/12/2017,American Airlines Center,74.59,0
21700336,03/12/2017,Target Center,41.52,0
21700337,03/12/2017,Chesapeake Energy Arena,64.66,0
21700338,03/12/2017,Staples Center,74.13,0
21700339,04/12/2017,Spectrum Center,55.95,0
21700340,04/12/2017,Bankers Life Fieldhouse,50.05,0
21700341,04/12/2017,Wells Fargo Arena,79.65,0
21700342,04/12/2017,State Farm Arena,60.8,0
21700343,04/12/2017,Td Garden,39.9,0
21700344,04/12/2017,United Center,52.38,0
21700345,04/12/2017,Fedex Forum,64.58,0
21700346,04/12/2017,Smoothie King Center,65.92,0
21700347,04/12/2017,American Airlines Center,71.86,0
21700348,04/12/2017,At&t Center,76.72,0
21700349,04/12/2017,Vivint Smart Home Arena,37.49,0.0002
21700350,05/12/2017,Scotiabank Arena,45.16,0
21700351,05/12/2017,Chesapeake Energy Arena,63.11,0
21700352,05/12/2017,Moda Center,45.4,0
21700353,06/12/2017,Quicken Loans Arena,38.51,0
21700354,06/12/2017,Bankers Life Fieldhouse,34.35,0
21700355,06/12/2017,Amway Center,74.73,0
21700356,06/12/2017,Td Garden,50.97,0.0027
21700357,06/12/2017,Madison Square Garden,58.63,0.0027
21700358,06/12/2017,Spectrum Center,64.44,0
21700359,06/12/2017,Fiserv Forum,28.51,0
21700360,06/12/2017,Smoothie King Center,72.88,0.0138
21700361,06/12/2017,At&t Center,56.39,0
21700362,06/12/2017,Staples Center,69.01,0
21700363,07/12/2017,Wells Fargo Arena,74.49,0
21700364,07/12/2017,Talking Stick Resort Arena,74.74,0
21700365,07/12/2017,Barclays Center,41.54,0
21700366,07/12/2017,Vivint Smart Home Arena,32.77,0
21700367,08/12/2017,Spectrum Center,46,0
21700368,08/12/2017,Little Caesars Arena,28.51,0
21700369,08/12/2017,Bankers Life Fieldhouse,25.32,0
21700370,08/12/2017,Amway Center,67.5,0
21700371,08/12/2017,Fedex Forum,35.54,0
21700372,08/12/2017,Fiserv Forum,23.02,0
21700373,08/12/2017,Smoothie King Center,44.88,0.0263
21700374,08/12/2017,At&t Center,38.71,0.0054
21700375,09/12/2017,Staples Center,76.36,0
21700376,09/12/2017,Barclays Center,36.44,0
21700377,09/12/2017,Spectrum Center,33.85,0.0472
21700378,09/12/2017,State Farm Arena,32.61,0.0129
21700379,09/12/2017,Quicken Loans Arena,28.72,0
21700380,09/12/2017,United Center,33.52,0
21700381,09/12/2017,Fiserv Forum,29.26,0
21700382,09/12/2017,Fedex Forum,35.98,0
21700383,09/12/2017,Talking Stick Resort Arena,65.82,0
21700384,09/12/2017,Moda Center,44.02,0
21700385,10/12/2017,Golden 1 Center,61.42,0
21700386,10/12/2017,Little Caesars Arena,28.13,0
21700387,10/12/2017,Bankers Life Fieldhouse,28.99,0
21700388,10/12/2017,Target Center,20.83,0
21700389,10/12/2017,Smoothie King Center,47.76,0
21700390,10/12/2017,Madison Square Garden,30.95,0.0016
21700391,11/12/2017,United Center,30.8,0
21700392,11/12/2017,Toyota Center,60.84,0
21700393,11/12/2017,Fedex Forum,50.41,0
21700394,11/12/2017,Chesapeake Energy Arena,63.54,0
21700395,11/12/2017,Oracle Arena,65.35,0
21700396,11/12/2017,Staples Center,81.08,0
21700397,12/12/2017,Quicken Loans Arena,30.26,0.0024
21700398,12/12/2017,Little Caesars Arena,29.79,0
21700399,12/12/2017,Madison Square Garden,37.28,0.0003
21700400,12/12/2017,Barclays Center,37.28,0.0003
21700401,12/12/2017,Target Center,28.14,0.0003
21700402,12/12/2017,American Airlines Center,73.98,0
21700403,12/12/2017,Golden 1 Center,62.33,0
21700404,13/12/2017,Bankers Life Fieldhouse,23.48,0
21700405,13/12/2017,Amway Center,66.73,0
21700406,13/12/2017,Capital Center,37.84,0
21700407,13/12/2017,Td Garden,41.26,0.0056
21700408,13/12/2017,American Airlines Center,54.52,0
21700409,13/12/2017,United Center,19.22,0
21700410,13/12/2017,Smoothie King Center,57.33,0
21700411,13/12/2017,Talking Stick Resort Arena,73.98,0
21700412,13/12/2017,Toyota Center,59.73,0
21700413,14/12/2017,State Farm Arena,44.91,0
21700414,14/12/2017,Barclays Center,28.32,0
21700415,14/12/2017,Quicken Loans Arena,21.88,0
21700416,14/12/2017,Target Center,23.78,0
21700417,14/12/2017,Oracle Arena,60.81,0
21700418,15/12/2017,Spectrum Center,47.92,0
21700419,15/12/2017,Bankers Life Fieldhouse,27.89,0
21700420,15/12/2017,Amway Center,65.95,0
21700421,15/12/2017,Wells Fargo Arena,73.02,0
21700422,15/12/2017,Capital Center,34.41,0
21700423,15/12/2017,Td Garden,24.18,0
21700424,15/12/2017,Scotiabank Arena,18.57,0
21700425,15/12/2017,Fedex Forum,42.44,0
21700426,15/12/2017,Fiserv Forum,19.91,0
21700427,15/12/2017,Pepsi Center,35.35,0.0002
21700428,15/12/2017,Toyota Center,61.64,0
21700429,16/12/2017,Spectrum Center,41.72,0
21700430,16/12/2017,Quicken Loans Arena,26.88,0.0015
21700431,16/12/2017,Madison Square Garden,23.87,0.0027
21700432,16/12/2017,American Airlines Center,53.09,0
21700433,16/12/2017,Toyota Center,52.9,0
21700434,16/12/2017,Target Center,26.85,0
21700435,16/12/2017,At&t Center,55.86,0
21700436,16/12/2017,Fedex Forum,43.96,0
21700437,17/12/2017,Scotiabank Arena,20.31,0
21700438,17/12/2017,Little Caesars Arena,27.57,0
21700439,17/12/2017,Barclays Center,37.74,0.0017
21700440,17/12/2017,Capital Center,40.92,0
21700441,18/12/2017,Spectrum Center,50.15,0
21700442,18/12/2017,Bankers Life Fieldhouse,41.78,0
21700443,18/12/2017,State Farm Arena,44.13,0.0018
21700444,18/12/2017,United Center,41.88,0
21700445,18/12/2017,Toyota Center,61.88,0
21700446,18/12/2017,Target Center,27.57,0
21700447,18/12/2017,Chesapeake Energy Arena,45.7,0
21700448,18/12/2017,American Airlines Center,50.75,0
21700449,18/12/2017,At&t Center,53.11,0
21700450,18/12/2017,Staples Center,70.52,0
21700451,19/12/2017,Wells Fargo Arena,65.79,0
21700452,19/12/2017,Capital Center,51.39,0
21700453,19/12/2017,Fiserv Forum,35.87,0.0003
21700454,20/12/2017,Spectrum Center,62.07,0
21700455,20/12/2017,State Farm Arena,58.78,0
21700456,20/12/2017,Td Garden,45.34,0.0004
21700457,20/12/2017,Barclays Center,52.53,0
21700458,20/12/2017,United Center,44.96,0
21700459,20/12/2017,Toyota Center,75.7,0
21700460,20/12/2017,Chesapeake Energy Arena,54.62,0.0175
21700461,20/12/2017,American Airlines Center,59.94,0.0696
21700462,20/12/2017,Pepsi Center,50.14,0
21700463,20/12/2017,Moda Center,44.34,0.0421
21700464,20/12/2017,Oracle Arena,57.56,0
21700465,20/12/2017,Staples Center,67.86,0
21700466,21/12/2017,Quicken Loans Arena,30.63,0
21700467,21/12/2017,Wells Fargo Arena,67.24,0
21700468,21/12/2017,Madison Square Garden,39.21,0
21700469,21/12/2017,Talking Stick Resort Arena,67.4,0
21700470,21/12/2017,Vivint Smart Home Arena,31.91,0
21700471,22/12/2017,Little Caesars Arena,33.85,0
21700472,22/12/2017,Amway Center,74.69,0
21700473,22/12/2017,Barclays Center,37.17,0
21700474,22/12/2017,American Airlines Center,71.4,0
21700475,22/12/2017,Toyota Center,75.54,0
21700476,22/12/2017,Fiserv Forum,34.52,0
21700477,22/12/2017,Chesapeake Energy Arena,52.18,0
21700478,22/12/2017,Moda Center,36.8,0
21700479,22/12/2017,Oracle Arena,56.61,0
21700480,23/12/2017,Scotiabank Arena,24.2,0
21700481,23/12/2017,Spectrum Center,56.43,0
21700482,23/12/2017,Bankers Life Fieldhouse,45.01,0
21700483,23/12/2017,Capital Center,49.88,0
21700484,23/12/2017,State Farm Arena,54.45,0.0008
21700485,23/12/2017,Td Garden,29.21,0.0005
21700486,23/12/2017,American Airlines Center,37.09,0.0549
21700487,23/12/2017,Fedex Forum,60.94,0.257
21700488,23/12/2017,Vivint Smart Home Arena,34.92,0.0002
21700489,23/12/2017,Oracle Arena,53.57,0
21700490,23/12/2017,Talking Stick Resort Arena,58.12,0
21700491,23/12/2017,Staples Center,65.06,0
21700492,23/12/2017,Golden 1 Center,49.92,0
21700493,25/12/2017,Madison Square Garden,38.14,0
21700494,25/12/2017,Oracle Arena,54.12,0
21700495,25/12/2017,Td Garden,31.34,0
21700496,25/12/2017,Chesapeake Energy Arena,32.91,0
21700497,25/12/2017,Staples Center,69.82,0
21700498,26/12/2017,Little Caesars Arena,16.73,0
21700499,26/12/2017,American Airlines Center,45,0.0003
21700500,26/12/2017,American Airlines Center,45,0.0003
21700501,26/12/2017,Fiserv Forum,8.38,0
21700502,26/12/2017,At&t Center,50.32,0
21700503,26/12/2017,Pepsi Center,24.5,0
21700504,26/12/2017,Talking Stick Resort Arena,66.33,0
21700505,26/12/2017,Staples Center,66.7,0
21700506,27/12/2017,Spectrum Center,39.27,0
21700507,27/12/2017,Bankers Life Fieldhouse,9.59,0
21700508,27/12/2017,State Farm Arena,44.76,0
21700509,27/12/2017,United Center,3.82,0
21700510,27/12/2017,Target Center,-0.22,0
21700511,27/12/2017,Smoothie King Center,54.34,0
21700512,27/12/2017,Chesapeake Energy Arena,28.85,0
21700513,27/12/2017,Golden 1 Center,61.08,0
21700514,27/12/2017,Oracle Arena,60.16,0
21700515,27/12/2017,Staples Center,67.93,0
21700516,28/12/2017,Amway Center,66.05,0
21700517,28/12/2017,Td Garden,15.23,0
21700518,28/12/2017,Fiserv Forum,3.29,0
21700519,28/12/2017,At&t Center,39.91,0
21700520,28/12/2017,Moda Center,37.42,0.008
21700521,29/12/2017,Capital Center,20.07,0
21700522,29/12/2017,Scotiabank Arena,7.86,0
21700523,29/12/2017,American Airlines Center,40.4,0
21700524,29/12/2017,United Center,11.9,0
21700525,29/12/2017,Smoothie King Center,44.38,0
21700526,29/12/2017,Chesapeake Energy Arena,37.35,0
21700527,29/12/2017,Golden 1 Center,60.33,0
21700528,29/12/2017,Oracle Arena,61.8,0
21700529,29/12/2017,Staples Center,80.21,0
21700530,30/12/2017,Little Caesars Arena,18.01,0
21700531,30/12/2017,Amway Center,52.12,0
21700532,30/12/2017,Smoothie King Center,51.02,0
21700533,30/12/2017,State Farm Arena,45.9,0
21700534,30/12/2017,Vivint Smart Home Arena,51.86,0
21700535,30/12/2017,Oracle Arena,60.87,0
21700536,30/12/2017,Pepsi Center,59.51,0
21700537,31/12/2017,Capital Center,29.78,0
21700538,31/12/2017,Bankers Life Fieldhouse,5.12,0
21700539,31/12/2017,Td Garden,15.68,0
21700540,31/12/2017,Toyota Center,57.01,0
21700541,31/12/2017,Chesapeake Energy Arena,19.42,0
21700542,31/12/2017,Staples Center,71.09,0
21700543,31/12/2017,Golden 1 Center,60.08,0
21700544,31/12/2017,Talking Stick Resort Arena,76.72,0
21700545,01/01/2018,Barclays Center,12.53,0
21700546,01/01/2018,Scotiabank Arena,5.06,0
21700547,01/01/2018,United Center,10.11,0
21700548,01/01/2018,Target Center,-6.73,0
21700549,02/01/2018,Quicken Loans Arena,10.15,0
21700550,02/01/2018,Madison Square Garden,16.97,0
21700551,02/01/2018,Talking Stick Resort Arena,74.34,0
21700552,02/01/2018,Golden 1 Center,64.4,0
21700553,02/01/2018,Staples Center,69.25,0
21700554,03/01/2018,Amway Center,49.68,0
21700555,03/01/2018,Wells Fargo Arena,75.56,0
21700556,03/01/2018,Capital Center,21.08,0
21700557,03/01/2018,Barclays Center,23.04,0
21700558,03/01/2018,American Airlines Center,25.61,0
21700559,03/01/2018,Td Garden,15.19,0
21700560,03/01/2018,United Center,2.97,0
21700561,03/01/2018,Fiserv Forum,7.62,0
21700562,03/01/2018,American Airlines Center,25.61,0
21700563,03/01/2018,Pepsi Center,43.41,0
21700564,03/01/2018,Vivint Smart Home Arena,41.4,0
21700565,03/01/2018,Staples Center,75.08,0
21700566,04/01/2018,Toyota Center,45.36,0
21700567,04/01/2018,Staples Center,74.23,0
21700568,05/01/2018,American Airlines Center,47.81,0
21700569,05/01/2018,Wells Fargo Arena,77.54,0
21700570,05/01/2018,Td Garden,26.71,0.0042
21700571,05/01/2018,Fiserv Forum,7.01,0
21700572,05/01/2018,American Airlines Center,47.81,0
21700573,05/01/2018,At&t Center,54.95,0
21700574,05/01/2018,Pepsi Center,50.39,0
21700575,05/01/2018,Fedex Forum,25.98,0
21700576,05/01/2018,Moda Center,45.35,0
21700577,05/01/2018,Staples Center,74.53,0
21700578,06/01/2018,Staples Center,70.36,0
21700579,06/01/2018,Barclays Center,14.57,0
21700580,06/01/2018,Little Caesars Arena,4.07,0
21700581,06/01/2018,Bankers Life Fieldhouse,5.94,0
21700582,06/01/2018,Amway Center,47.52,0
21700583,06/01/2018,Capital Center,15.22,0
21700584,06/01/2018,Target Center,0.83,0
21700585,06/01/2018,Golden 1 Center,60.49,0.0267
21700586,07/01/2018,American Airlines Center,61.04,0
21700587,07/01/2018,American Airlines Center,61.04,0
21700588,07/01/2018,Talking Stick Resort Arena,73.84,0
21700589,07/01/2018,Moda Center,48.64,0.0003
21700590,07/01/2018,Staples Center,68.55,0
21700591,08/01/2018,Bankers Life Fieldhouse,32.54,0
21700592,08/01/2018,Barclays Center,16.87,0
21700593,08/01/2018,United Center,29.04,0
21700594,08/01/2018,Target Center,27.45,0
21700595,08/01/2018,Smoothie King Center,60.62,0
21700596,08/01/2018,Golden 1 Center,51.15,0
21700597,08/01/2018,Oracle Arena,52.84,0
21700598,08/01/2018,Staples Center,71.38,0
21700599,09/01/2018,Scotiabank Arena,36.54,0.0047
21700600,09/01/2018,Chesapeake Energy Arena,53.37,0
21700601,09/01/2018,American Airlines Center,58.4,0
21700602,09/01/2018,Staples Center,62.06,0.0424
21700603,10/01/2018,Spectrum Center,56.05,0
21700604,10/01/2018,Bankers Life Fieldhouse,34.2,0
21700605,10/01/2018,Capital Center,40.76,0
21700606,10/01/2018,Barclays Center,38.55,0
21700607,10/01/2018,Madison Square Garden,38.58,0
21700608,10/01/2018,Toyota Center,53.82,0
21700609,10/01/2018,Fedex Forum,47.67,0
21700610,10/01/2018,Fiserv Forum,33.24,0
21700611,10/01/2018,Target Center,39.99,0.0004
21700612,10/01/2018,Pepsi Center,64.84,0
21700613,10/01/2018,Oracle Arena,56.66,0.001
21700614,11/01/2018,Wells Fargo Arena,62.45,0
21700615,11/01/2018,Scotiabank Arena,35.01,0.008
21700616,11/01/2018,Golden 1 Center,56.49,0
21700617,11/01/2018,Staples Center,63.79,0.0004
21700618,12/01/2018,Spectrum Center,61.26,0
21700619,12/01/2018,Bankers Life Fieldhouse,56.99,0.0139
21700620,12/01/2018,Capital Center,58.29,0
21700621,12/01/2018,State Farm Arena,57.67,0.0036
21700622,12/01/2018,Fiserv Forum,44.37,0.0158
21700623,12/01/2018,Target Center,7.97,0
21700624,12/01/2018,Smoothie King Center,69.09,0.0008
21700625,12/01/2018,Pepsi Center,41.58,0
21700626,12/01/2018,Talking Stick Resort Arena,68.94,0
21700627,13/01/2018,American Airlines Center,42.53,0
21700628,13/01/2018,Staples Center,73.11,0
21700629,13/01/2018,Spectrum Center,57.05,0.1399
21700630,13/01/2018,Capital Center,64.63,0.0034
21700631,13/01/2018,Scotiabank Arena,17.65,0.0032
21700632,13/01/2018,United Center,20.95,0
21700633,13/01/2018,At&t Center,60.11,0
21700634,14/01/2018,American Airlines Center,44.68,0
21700635,14/01/2018,Madison Square Garden,25.65,0
21700636,14/01/2018,Talking Stick Resort Arena,78.38,0
21700637,14/01/2018,Target Center,2.25,0
21700638,15/01/2018,Little Caesars Arena,18.16,0
21700639,15/01/2018,Wells Fargo Arena,78.2,0
21700640,15/01/2018,Capital Center,23.12,0
21700641,15/01/2018,State Farm Arena,35.43,0
21700642,15/01/2018,Barclays Center,21.48,0
21700643,15/01/2018,Chesapeake Energy Arena,49.61,0
21700644,15/01/2018,United Center,19.73,0
21700645,15/01/2018,Fedex Forum,29.97,0.0015
21700646,15/01/2018,Quicken Loans Arena,14.77,0
21700647,15/01/2018,Vivint Smart Home Arena,48.39,0
21700648,15/01/2018,Staples Center,81.19,0
21700649,16/01/2018,Amway Center,54.61,0
21700650,16/01/2018,Td Garden,19.62,0
21700651,16/01/2018,Pepsi Center,19.39,0
21700652,16/01/2018,Moda Center,53.48,0
21700653,17/01/2018,Spectrum Center,44.38,0
21700654,17/01/2018,State Farm Arena,43.54,0
21700655,17/01/2018,Barclays Center,34.32,0
21700656,17/01/2018,Scotiabank Arena,24.87,0
21700657,17/01/2018,United Center,21.71,0
21700658,17/01/2018,Fedex Forum,13.26,0
21700659,17/01/2018,Fiserv Forum,19.88,0
21700660,17/01/2018,Chesapeake Energy Arena,18.49,0
21700661,17/01/2018,Golden 1 Center,58.53,0
21700662,17/01/2018,Staples Center,69.8,0
21700663,18/01/2018,Td Garden,32.44,0.0015
21700664,18/01/2018,Quicken Loans Arena,17.49,0
21700665,18/01/2018,Toyota Center,36.33,0.0045
21700666,18/01/2018,Moda Center,53.75,0
21700667,19/01/2018,Scotiabank Arena,23.95,0
21700668,19/01/2018,Barclays Center,29.45,0
21700669,19/01/2018,Little Caesars Arena,26.94,0
21700670,19/01/2018,Fedex Forum,33.93,0.0009
21700671,19/01/2018,Pepsi Center,63.39,0
21700672,19/01/2018,Vivint Smart Home Arena,53.31,0
21700673,19/01/2018,Staples Center,73.92,0
21700674,20/01/2018,Quicken Loans Arena,36.65,0.0004
21700675,20/01/2018,State Farm Arena,47.35,0
21700676,20/01/2018,Spectrum Center,46.82,0
21700677,20/01/2018,Smoothie King Center,52.06,0
21700678,20/01/2018,Wells Fargo Arena,75.84,0
21700679,20/01/2018,Toyota Center,52.22,0.0152
21700680,20/01/2018,Target Center,40.68,0
21700681,20/01/2018,Vivint Smart Home Arena,43.91,0.0009
21700682,20/01/2018,Moda Center,47.09,0.0003
21700683,21/01/2018,Td Garden,43.5,0.0003
21700684,21/01/2018,Staples Center,61.56,0
21700685,21/01/2018,Little Caesars Arena,39.47,0
21700686,21/01/2018,At&t Center,59.87,0
21700687,22/01/2018,Spectrum Center,61.56,0
21700688,22/01/2018,State Farm Arena,63.63,0
21700689,22/01/2018,Toyota Center,68.75,0.0007
21700690,22/01/2018,Fedex Forum,66.07,0
21700691,22/01/2018,Fiserv Forum,35.82,0.0041
21700692,22/01/2018,Smoothie King Center,65.61,0
21700693,22/01/2018,American Airlines Center,68.15,0.0374
21700694,22/01/2018,Pepsi Center,24.89,0.0004
21700695,22/01/2018,Staples Center,63.39,0
21700696,23/01/2018,Amway Center,74.11,0
21700697,23/01/2018,Chesapeake Energy Arena,46.91,0
21700698,23/01/2018,At&t Center,64.41,0
21700699,23/01/2018,Oracle Arena,56.4,0
21700700,23/01/2018,Staples Center,67.75,0
21700701,24/01/2018,Spectrum Center,56.54,0
21700702,24/01/2018,Little Caesars Arena,32.83,0
21700703,24/01/2018,Bankers Life Fieldhouse,33.27,0.0027
21700704,24/01/2018,Wells Fargo Arena,70.58,0
21700705,24/01/2018,State Farm Arena,51.18,0
21700706,24/01/2018,American Airlines Center,57.73,0
21700707,24/01/2018,Fedex Forum,43.83,0
21700708,24/01/2018,Moda Center,45.64,0.0424
21700709,24/01/2018,Staples Center,73.79,0
21700710,25/01/2018,American Airlines Center,62.78,0
21700711,25/01/2018,Chesapeake Energy Arena,58.84,0
21700712,25/01/2018,Pepsi Center,50.54,0.0003
21700713,25/01/2018,Oracle Arena,53.6,0.0297
21700714,26/01/2018,Spectrum Center,47.46,0
21700715,26/01/2018,Quicken Loans Arena,32.42,0
21700716,26/01/2018,Scotiabank Arena,26.3,0
21700717,26/01/2018,United Center,42.17,0
21700718,26/01/2018,Fedex Forum,57.48,0
21700719,26/01/2018,Fiserv Forum,33.69,0.005
21700720,26/01/2018,Smoothie King Center,56.26,0
21700721,26/01/2018,American Airlines Center,64.59,0
21700722,26/01/2018,At&t Center,58.78,0
21700723,26/01/2018,Talking Stick Resort Arena,75.19,0
21700724,27/01/2018,Little Caesars Arena,46.85,0
21700725,27/01/2018,Bankers Life Fieldhouse,53.45,0
21700726,27/01/2018,State Farm Arena,54.12,0
21700727,27/01/2018,American Airlines Center,64.3,0
21700728,27/01/2018,Oracle Arena,54.98,0
21700729,27/01/2018,Target Center,41.25,0
21700730,27/01/2018,Pepsi Center,36.47,0
21700731,28/01/2018,United Center,45.47,0
21700732,28/01/2018,Toyota Center,63.88,0.0088
21700733,28/01/2018,Smoothie King Center,61.44,0.0306
21700734,28/01/2018,Quicken Loans Arena,46.26,0.0546
21700735,28/01/2018,Scotiabank Arena,43.84,0
21700736,28/01/2018,Chesapeake Energy Arena,56.97,0
21700737,28/01/2018,At&t Center,68,0
21700738,29/01/2018,Bankers Life Fieldhouse,47.7,0
21700739,29/01/2018,State Farm Arena,54.24,0.0248
21700740,29/01/2018,Fedex Forum,55.18,0
21700741,29/01/2018,Fiserv Forum,28.82,0
21700742,29/01/2018,American Airlines Center,64.27,0
21700743,29/01/2018,Pepsi Center,44.72,0
21700744,30/01/2018,Capital Center,43.58,0
21700745,30/01/2018,Madison Square Garden,41.55,0
21700746,30/01/2018,Scotiabank Arena,25.39,0
21700747,30/01/2018,Little Caesars Arena,21.1,0
21700748,30/01/2018,Toyota Center,63.39,0
21700749,30/01/2018,Smoothie King Center,62.33,0
21700750,30/01/2018,At&t Center,67.79,0
21700751,30/01/2018,Vivint Smart Home Arena,51.95,0
21700752,30/01/2018,Staples Center,85.67,0
21700753,31/01/2018,Bankers Life Fieldhouse,30.78,0
21700754,31/01/2018,Amway Center,53.12,0
21700755,31/01/2018,State Farm Arena,41.14,0
21700756,31/01/2018,Barclays Center,30.2,0.0003
21700757,31/01/2018,Quicken Loans Arena,20.4,0
21700758,31/01/2018,Td Garden,29.71,0
21700759,31/01/2018,Moda Center,48.61,0.0034
21700760,31/01/2018,Talking Stick Resort Arena,81.07,0
21700761,01/02/2018,Little Caesars Arena,40.17,0.0003
21700762,01/02/2018,Capital Center,34.03,0
21700763,01/02/2018,Target Center,28.14,0
21700764,01/02/2018,At&t Center,69.97,0
21700765,01/02/2018,Pepsi Center,44.6,0
21700766,02/02/2018,Spectrum Center,55.08,0
21700767,02/02/2018,Td Garden,41.48,0
21700768,02/02/2018,Barclays Center,41.98,0
21700769,02/02/2018,Scotiabank Arena,24.23,0
21700770,02/02/2018,Wells Fargo Arena,79.8,0
21700771,02/02/2018,Fiserv Forum,9.08,0
21700772,02/02/2018,Chesapeake Energy Arena,44.64,0
21700773,02/02/2018,Talking Stick Resort Arena,79.89,0
21700774,02/02/2018,Golden 1 Center,68.03,0
21700775,03/02/2018,Staples Center,81.99,0
21700776,03/02/2018,Little Caesars Arena,18.7,0
21700777,03/02/2018,Bankers Life Fieldhouse,20.58,0
21700778,03/02/2018,Amway Center,65.08,0
21700779,03/02/2018,Quicken Loans Arena,17.68,0
21700780,03/02/2018,Target Center,9.24,0
21700781,03/02/2018,At&t Center,57.43,0
21700782,03/02/2018,Pepsi Center,50.41,0
21700783,03/02/2018,Golden 1 Center,69.98,0
21700784,04/02/2018,Td Garden,24.7,0
21700785,04/02/2018,Barclays Center,29.16,0
21700786,04/02/2018,Madison Square Garden,29.2,0
21700787,04/02/2018,Scotiabank Arena,25.23,0
21700788,04/02/2018,Chesapeake Energy Arena,54.44,0
21700789,04/02/2018,Talking Stick Resort Arena,78.21,0
21700790,05/02/2018,Little Caesars Arena,20.88,0.0006
21700791,05/02/2018,Bankers Life Fieldhouse,25.45,0
21700792,05/02/2018,American Airlines Center,60.22,0
21700793,05/02/2018,Smoothie King Center,65.11,0
21700794,05/02/2018,Pepsi Center,29.35,0
21700795,05/02/2018,Golden 1 Center,71.87,0
21700796,05/02/2018,Staples Center,80.45,0
21700797,06/02/2018,Amway Center,65.89,0
21700798,06/02/2018,Scotiabank Arena,18.49,0
21700799,06/02/2018,State Farm Arena,48.78,0
21700800,06/02/2018,Barclays Center,29.26,0
21700801,06/02/2018,Madison Square Garden,29.11,0
21700802,06/02/2018,Wells Fargo Arena,79.87,0
21700803,06/02/2018,Oracle Arena,75.1,0
21700804,06/02/2018,Staples Center,77.11,0
21700805,07/02/2018,Little Caesars Arena,21.53,0
21700806,07/02/2018,American Airlines Center,35.66,0.0036
21700807,07/02/2018,Quicken Loans Arena,20.61,0
21700808,07/02/2018,Fedex Forum,39.91,0
21700809,21/03/2018,Smoothie King Center,63.68,0
21700810,07/02/2018,Talking Stick Resort Arena,78.71,0
21700811,08/02/2018,Amway Center,78.48,0
21700812,08/02/2018,Scotiabank Arena,22.06,0
21700813,08/02/2018,Capital Center,36.4,0.0348
21700814,08/02/2018,Moda Center,58.16,0
21700815,08/02/2018,Oracle Arena,71.03,0.0011
21700816,08/02/2018,Staples Center,81.76,0
21700817,09/02/2018,Little Caesars Arena,20.65,0
21700818,09/02/2018,Wells Fargo Arena,84.07,0
21700819,09/02/2018,State Farm Arena,54.32,0
21700820,09/02/2018,Td Garden,25.77,0
21700821,09/02/2018,American Airlines Center,58.96,0
21700822,09/02/2018,United Center,20.61,0
21700823,09/02/2018,Toyota Center,55.19,0
21700824,09/02/2018,Vivint Smart Home Arena,56.21,0
21700825,09/02/2018,Golden 1 Center,73.29,0
21700826,10/02/2018,Barclays Center,34.14,0
21700827,10/02/2018,Amway Center,76.55,0
21700828,10/02/2018,Wells Fargo Arena,81.51,0
21700829,10/02/2018,United Center,25.29,0
21700830,10/02/2018,American Airlines Center,66.58,0
21700831,10/02/2018,Oracle Arena,76.5,0
21700832,10/02/2018,Talking Stick Resort Arena,81.68,0
21700833,11/02/2018,Spectrum Center,55.81,0.0013
21700834,11/02/2018,State Farm Arena,60.83,0.0003
21700835,11/02/2018,Td Garden,48.31,0.0012
21700836,11/02/2018,Bankers Life Fieldhouse,28.38,0
21700837,11/02/2018,Toyota Center,69.08,0.0079
21700838,11/02/2018,Target Center,12.28,0
21700839,11/02/2018,Chesapeake Energy Arena,20.58,0
21700840,11/02/2018,Moda Center,50.13,0
21700841,12/02/2018,Little Caesars Arena,27.15,0
21700842,12/02/2018,Wells Fargo Arena,75.66,0
21700843,12/02/2018,Barclays Center,52.24,0.0232
21700844,12/02/2018,United Center,20.85,0
21700845,12/02/2018,Vivint Smart Home Arena,43.2,0
21700846,12/02/2018,Oracle Arena,55.09,0
21700847,13/02/2018,Scotiabank Arena,24.32,0
21700848,13/02/2018,Fiserv Forum,17.9,0
21700849,13/02/2018,Target Center,11.25,0
21700850,13/02/2018,Chesapeake Energy Arena,44.25,0
21700851,13/02/2018,American Airlines Center,46.26,0
21700852,13/02/2018,Pepsi Center,20.52,0
21700853,14/02/2018,Little Caesars Arena,26.38,0
21700854,14/02/2018,Amway Center,75.17,0.001
21700855,14/02/2018,Wells Fargo Arena,72.08,0
21700856,14/02/2018,Barclays Center,31.93,0
21700857,14/02/2018,Madison Square Garden,32.15,0
21700858,14/02/2018,Td Garden,28.85,0
21700859,14/02/2018,United Center,33,0.0048
21700860,14/02/2018,Toyota Center,52.74,0.0002
21700861,14/02/2018,Fedex Forum,51.12,0
21700862,14/02/2018,Smoothie King Center,68.23,0
21700863,14/02/2018,Vivint Smart Home Arena,43.61,0
21700864,14/02/2018,Moda Center,50.28,0
21700865,15/02/2018,Fiserv Forum,42.57,0.0038
21700866,15/02/2018,Target Center,40.52,0.0004
21700867,22/02/2018,Spectrum Center,75.06,0
21700868,22/02/2018,Amway Center,78.73,0
21700869,22/02/2018,Quicken Loans Arena,34.36,0.001
21700870,22/02/2018,United Center,29.3,0
21700871,22/02/2018,Golden 1 Center,55.53,0
21700872,22/02/2018,Oracle Arena,55.1,0
21700873,23/02/2018,Little Caesars Arena,37.37,0
21700874,23/02/2018,Bankers Life Fieldhouse,45.14,0
21700875,23/02/2018,Capital Center,46.41,0.0286
21700876,23/02/2018,Scotiabank Arena,33.43,0
21700877,23/02/2018,Toyota Center,70,0.007
21700878,23/02/2018,Fedex Forum,53.5,0
21700879,23/02/2018,Smoothie King Center,78.1,0
21700880,23/02/2018,Pepsi Center,26.06,0.0005
21700881,23/02/2018,Talking Stick Resort Arena,61.26,0
21700882,23/02/2018,Vivint Smart Home Arena,32.13,0.0006
21700883,23/02/2018,Staples Center,58.56,0
21700884,24/02/2018,Wells Fargo Arena,58.48,0
21700885,24/02/2018,American Airlines Center,51.61,0.0003
21700886,24/02/2018,Madison Square Garden,38.89,0.0138
21700887,24/02/2018,Oracle Arena,53.63,0
21700888,24/02/2018,Target Center,30.07,0.0072
21700889,24/02/2018,Talking Stick Resort Arena,58.33,0
21700890,24/02/2018,Vivint Smart Home Arena,25.03,0.0013
21700891,24/02/2018,Golden 1 Center,53.68,0
21700892,25/02/2018,Spectrum Center,75.46,0
21700893,25/02/2018,Fiserv Forum,36.09,0
21700894,25/02/2018,Quicken Loans Arena,41.43,0.0003
21700895,25/02/2018,Capital Center,49.78,0.0051
21700896,25/02/2018,Pepsi Center,35.92,0
21700897,26/02/2018,State Farm Arena,61.71,0.0033
21700898,26/02/2018,Td Garden,40.11,0.0118
21700899,26/02/2018,Barclays Center,42.57,0.0004
21700900,26/02/2018,Madison Square Garden,42.74,0.0007
21700901,26/02/2018,Scotiabank Arena,45.85,0
21700902,26/02/2018,Smoothie King Center,69.64,0
21700903,26/02/2018,Chesapeake Energy Arena,62.28,0
21700904,26/02/2018,American Airlines Center,66.19,0
21700905,26/02/2018,Vivint Smart Home Arena,31.6,0.0019
21700906,26/02/2018,Golden 1 Center,62.03,0
21700907,27/02/2018,Spectrum Center,49.4,0.0075
21700908,27/02/2018,Quicken Loans Arena,46.71,0
21700909,27/02/2018,American Airlines Center,67.67,0
21700910,27/02/2018,Fiserv Forum,48.86,0
21700911,27/02/2018,Moda Center,43,0.0008
21700912,27/02/2018,Pepsi Center,53.18,0
21700913,28/02/2018,Little Caesars Arena,55.48,0
21700914,28/02/2018,Amway Center,73.24,0
21700915,28/02/2018,State Farm Arena,63.1,0
21700916,28/02/2018,Td Garden,48.13,0
21700917,28/02/2018,Capital Center,53.82,0
21700918,28/02/2018,Fedex Forum,66.82,0
21700919,28/02/2018,American Airlines Center,63.65,0.0042
21700920,28/02/2018,At&t Center,79.08,0
21700921,28/02/2018,Staples Center,53.61,0.0011
21700922,01/03/2018,American Airlines Center,65.3,0.0163
21700923,01/03/2018,Quicken Loans Arena,54.29,0
21700924,01/03/2018,Golden 1 Center,57.61,0
21700925,01/03/2018,Moda Center,44.4,0.0364
21700926,02/03/2018,Amway Center,81.12,0
21700927,02/03/2018,Wells Fargo Arena,70.02,0
21700928,02/03/2018,State Farm Arena,57.09,0.013
21700929,02/03/2018,Capital Center,51.19,0.0011
21700930,02/03/2018,United Center,40.46,0
21700931,02/03/2018,Fedex Forum,62.05,0
21700932,02/03/2018,Fiserv Forum,38.75,0
21700933,02/03/2018,Talking Stick Resort Arena,70.05,0
21700934,02/03/2018,Vivint Smart Home Arena,39.83,0.0006
21700935,02/03/2018,Staples Center,61.56,0
21700936,03/03/2018,Amway Center,77.84,0
21700937,03/03/2018,Quicken Loans Arena,34.22,0.001
21700938,03/03/2018,American Airlines Center,69.55,0
21700939,03/03/2018,Toyota Center,71.82,0
21700940,03/03/2018,At&t Center,73.22,0
21700941,03/03/2018,Moda Center,48.55,0
21700942,03/03/2018,Golden 1 Center,48.65,0.0101
21700943,04/03/2018,State Farm Arena,59.83,0
21700944,04/03/2018,Scotiabank Arena,35.12,0
21700945,04/03/2018,Capital Center,44.93,0
21700946,04/03/2018,American Airlines Center,72.52,0
21700947,04/03/2018,Fiserv Forum,35.51,0
21700948,04/03/2018,Staples Center,57.77,0.0018
21700949,04/03/2018,Golden 1 Center,47.22,0.014
21700950,05/03/2018,Quicken Loans Arena,33.11,0
21700951,05/03/2018,Bankers Life Fieldhouse,47.44,0
21700952,05/03/2018,American Airlines Center,69.18,0.0016
21700953,05/03/2018,United Center,42.69,0
21700954,05/03/2018,At&t Center,79.11,0
21700955,05/03/2018,Vivint Smart Home Arena,32.49,0.0079
21700956,05/03/2018,Staples Center,61.64,0
21700957,06/03/2018,Spectrum Center,57.31,0
21700958,06/03/2018,Scotiabank Arena,33.69,0
21700959,06/03/2018,Capital Center,43.93,0
21700960,06/03/2018,Chesapeake Energy Arena,60.44,0
21700961,06/03/2018,American Airlines Center,66.65,0
21700962,06/03/2018,Moda Center,50.68,0
21700963,06/03/2018,Oracle Arena,60.4,0
21700964,06/03/2018,Staples Center,71.99,0
21700965,07/03/2018,Bankers Life Fieldhouse,41.86,0
21700966,07/03/2018,Little Caesars Arena,37.58,0
21700967,07/03/2018,United Center,36.53,0.002
21700968,07/03/2018,Fiserv Forum,33.96,0.0028
21700969,07/03/2018,Golden 1 Center,65.82,0
21700970,07/03/2018,Pepsi Center,47.39,0
21700971,07/03/2018,Staples Center,77.31,0
21700972,08/03/2018,Spectrum Center,47.15,0
21700973,08/03/2018,American Airlines Center,58.78,0
21700974,08/03/2018,Target Center,27.5,0.0006
21700975,08/03/2018,Chesapeake Energy Arena,52.41,0
21700976,08/03/2018,Oracle Arena,68.55,0
21700977,09/03/2018,Little Caesars Arena,31.75,0
21700978,09/03/2018,Bankers Life Fieldhouse,29.41,0
21700979,09/03/2018,Scotiabank Arena,31.66,0
21700980,09/03/2018,Fedex Forum,47.75,0
21700981,09/03/2018,Fiserv Forum,29.42,0
21700982,09/03/2018,Smoothie King Center,61.99,0
21700983,09/03/2018,Pepsi Center,63.07,0
21700984,09/03/2018,Moda Center,54.31,0.0131
21700985,09/03/2018,Golden 1 Center,67.64,0
21700986,09/03/2018,Staples Center,73.94,0
21700987,10/03/2018,Spectrum Center,52,0
21700988,10/03/2018,American Airlines Center,73,0
21700989,10/03/2018,American Airlines Center,73,0
21700990,10/03/2018,Chesapeake Energy Arena,72.43,0
21700991,10/03/2018,Staples Center,68.63,0
21700992,11/03/2018,Madison Square Garden,38.23,0
21700993,11/03/2018,State Farm Arena,58.93,0.0044
21700994,11/03/2018,Target Center,34.86,0
21700995,11/03/2018,Smoothie King Center,71.97,0
21700996,11/03/2018,Pepsi Center,48.28,0
21700997,11/03/2018,American Airlines Center,83.02,0
21700998,11/03/2018,Td Garden,36.76,0.0019
21700999,11/03/2018,Barclays Center,38.2,0
21701000,11/03/2018,Staples Center,58.86,0.0062
21701001,12/03/2018,Toyota Center,68.18,0.0003
21701002,12/03/2018,Fedex Forum,47.79,0
21701003,12/03/2018,Chesapeake Energy Arena,51.04,0
21701004,12/03/2018,Moda Center,67.32,0
21701005,13/03/2018,Wells Fargo Arena,82.9,0
21701006,13/03/2018,Capital Center,39.82,0
21701007,13/03/2018,State Farm Arena,49.67,0
21701008,13/03/2018,Barclays Center,40.95,0
21701009,13/03/2018,Madison Square Garden,41.02,0
21701010,13/03/2018,United Center,39.45,0
21701011,13/03/2018,Smoothie King Center,61.11,0
21701012,13/03/2018,At&t Center,66.07,0
21701013,13/03/2018,Vivint Smart Home Arena,59.2,0
21701014,13/03/2018,Talking Stick Resort Arena,83.11,0
21701015,13/03/2018,Staples Center,69.86,0
21701016,14/03/2018,Amway Center,64.53,0
21701017,14/03/2018,Td Garden,30.21,0.0034
21701018,14/03/2018,Golden 1 Center,57.72,0.0291
21701019,14/03/2018,Oracle Arena,58.89,0.0008
21701020,15/03/2018,Bankers Life Fieldhouse,40.91,0
21701021,15/03/2018,State Farm Arena,48.97,0
21701022,15/03/2018,Madison Square Garden,35.77,0
21701023,15/03/2018,Toyota Center,68.69,0
21701024,15/03/2018,Fedex Forum,53.44,0
21701025,15/03/2018,At&t Center,69.09,0
21701026,15/03/2018,Pepsi Center,66.55,0
21701027,15/03/2018,Vivint Smart Home Arena,52.14,0.0408
21701028,15/03/2018,Moda Center,53.33,0.0005
21701029,16/03/2018,Amway Center,68.83,0
21701030,16/03/2018,Wells Fargo Arena,70.5,0
21701031,16/03/2018,Scotiabank Arena,33.25,0
21701032,16/03/2018,Chesapeake Energy Arena,73.02,0
21701033,16/03/2018,Oracle Arena,54.88,0.0098
21701034,16/03/2018,Staples Center,62.96,0
21701035,17/03/2018,Capital Center,40.97,0
21701036,17/03/2018,Smoothie King Center,72.65,0.0008
21701037,17/03/2018,Barclays Center,34.77,0
21701038,17/03/2018,Madison Square Garden,34.6,0
21701039,17/03/2018,United Center,32.83,0
21701040,17/03/2018,Fedex Forum,59.58,0.0036
21701041,17/03/2018,Fiserv Forum,30.7,0
21701042,17/03/2018,At&t Center,85.86,0
21701043,17/03/2018,Vivint Smart Home Arena,49.62,0
21701044,17/03/2018,Talking Stick Resort Arena,72.7,0
21701045,17/03/2018,Moda Center,51.53,0
21701046,18/03/2018,Scotiabank Arena,33.83,0
21701047,18/03/2018,Smoothie King Center,76.45,0.0002
21701048,18/03/2018,Target Center,48.4,0
21701049,18/03/2018,Staples Center,58.36,0
21701050,19/03/2018,Quicken Loans Arena,51.46,0
21701051,19/03/2018,Bankers Life Fieldhouse,53.33,0
21701052,19/03/2018,Wells Fargo Arena,66.73,0
21701053,19/03/2018,Barclays Center,41.86,0
21701054,19/03/2018,American Airlines Center,76.84,0
21701055,19/03/2018,Madison Square Garden,41.79,0
21701056,19/03/2018,At&t Center,84.77,0
21701057,19/03/2018,Golden 1 Center,57.77,0
21701058,20/03/2018,Amway Center,70.14,0.0585
21701059,20/03/2018,Td Garden,33.7,0
21701060,20/03/2018,Target Center,41.37,0
21701061,20/03/2018,Smoothie King Center,82.94,0
21701062,20/03/2018,Vivint Smart Home Arena,45.39,0
21701063,20/03/2018,Talking Stick Resort Arena,74.11,0
21701064,20/03/2018,Moda Center,57.18,0
21701065,21/03/2018,Quicken Loans Arena,36.51,0
21701066,21/03/2018,Wells Fargo Arena,80.14,0
21701067,21/03/2018,Barclays Center,37.17,0
21701068,21/03/2018,American Airlines Center,64.83,0
21701069,21/03/2018,United Center,33.02,0
21701070,21/03/2018,Fiserv Forum,29.69,0
21701071,21/03/2018,At&t Center,76.41,0
21701072,22/03/2018,Spectrum Center,43.19,0
21701073,22/03/2018,Amway Center,62.86,0
21701074,22/03/2018,Toyota Center,74.1,0
21701075,22/03/2018,Smoothie King Center,66.76,0
21701076,22/03/2018,American Airlines Center,71.77,0
21701077,22/03/2018,Golden 1 Center,65.75,0.006
21701078,23/03/2018,Bankers Life Fieldhouse,46.25,0
21701079,23/03/2018,Capital Center,43.54,0.0026
21701080,23/03/2018,Quicken Loans Arena,38.17,0
21701081,23/03/2018,Madison Square Garden,47.09,0.0004
21701082,23/03/2018,Scotiabank Arena,37,0
21701083,23/03/2018,United Center,42.02,0
21701084,23/03/2018,Chesapeake Energy Arena,77.44,0
21701085,23/03/2018,At&t Center,76.3,0
21701086,23/03/2018,Moda Center,46.63,0.0079
21701087,23/03/2018,Oracle Arena,55.99,0.0004
21701088,24/03/2018,Wells Fargo Arena,83.55,0
21701089,24/03/2018,Little Caesars Arena,38.69,0
21701090,24/03/2018,Amway Center,69.46,0
21701091,24/03/2018,Toyota Center,75.59,0
21701092,24/03/2018,Fedex Forum,68.48,0
21701093,24/03/2018,American Airlines Center,75.45,0
21701094,25/03/2018,Barclays Center,46.55,0
21701095,25/03/2018,Fiserv Forum,34.75,0
21701096,25/03/2018,Bankers Life Fieldhouse,31.51,0.0031
21701097,25/03/2018,Scotiabank Arena,32.93,0
21701098,25/03/2018,Capital Center,45.95,0
21701099,25/03/2018,Golden 1 Center,57,0
21701100,25/03/2018,Chesapeake Energy Arena,70.85,0
21701101,25/03/2018,Toyota Center,77.92,0
21701102,25/03/2018,Oracle Arena,54.43,0
21701103,26/03/2018,Spectrum Center,53.41,0
21701104,26/03/2018,Little Caesars Arena,38.28,0
21701105,26/03/2018,Wells Fargo Arena,76.3,0
21701106,26/03/2018,Target Center,42.07,0
21701107,26/03/2018,Talking Stick Resort Arena,76.42,0
21701108,27/03/2018,Capital Center,47.2,0
21701109,27/03/2018,Scotiabank Arena,42.83,0
21701110,27/03/2018,American Airlines Center,84.25,0
21701111,27/03/2018,Toyota Center,79.01,0
21701112,27/03/2018,Smoothie King Center,77.03,0
21701113,27/03/2018,Golden 1 Center,64.82,0
21701114,27/03/2018,Oracle Arena,63.69,0
21701115,27/03/2018,Staples Center,68.67,0
21701116,28/03/2018,Spectrum Center,50.83,0
21701117,28/03/2018,Amway Center,73.63,0
21701118,28/03/2018,Wells Fargo Arena,73.94,0
21701119,28/03/2018,Fedex Forum,77.82,0
21701120,28/03/2018,Target Center,47.22,0
21701121,28/03/2018,Vivint Smart Home Arena,47.17,0
21701122,28/03/2018,Talking Stick Resort Arena,74.53,0
21701123,28/03/2018,Staples Center,75.08,0
21701124,29/03/2018,Little Caesars Arena,46.85,0
21701125,29/03/2018,American Airlines Center,64.26,0.001
21701126,29/03/2018,At&t Center,73.14,0.0005
21701127,29/03/2018,Golden 1 Center,76.04,0
21701128,29/03/2018,Oracle Arena,76.28,0
21701129,30/03/2018,Amway Center,83.75,0
21701130,30/03/2018,State Farm Arena,74.03,0
21701131,30/03/2018,Quicken Loans Arena,40.89,0.0925
21701132,30/03/2018,Toyota Center,79.74,0.0014
21701133,30/03/2018,Chesapeake Energy Arena,52.33,0
21701134,30/03/2018,American Airlines Center,71.4,0
21701135,30/03/2018,Vivint Smart Home Arena,53.36,0
21701136,30/03/2018,Staples Center,75.66,0
21701137,30/03/2018,Moda Center,59.69,0
21701138,31/03/2018,Capital Center,53.64,0.0007
21701139,31/03/2018,Madison Square Garden,50.74,0.0143
21701140,31/03/2018,Td Garden,54.2,0
21701141,31/03/2018,American Airlines Center,71.47,0
21701142,31/03/2018,Golden 1 Center,79.73,0
21701143,01/04/2018,Spectrum Center,66.23,0
21701144,01/04/2018,United Center,51.73,0
21701145,01/04/2018,At&t Center,81.84,0
21701146,01/04/2018,Staples Center,73.78,0
21701147,01/04/2018,State Farm Arena,68.79,0
21701148,01/04/2018,Barclays Center,49.96,0
21701149,01/04/2018,Quicken Loans Arena,52.59,0
21701150,01/04/2018,Smoothie King Center,70.59,0
21701151,01/04/2018,Target Center,25.88,0.001
21701152,01/04/2018,Pepsi Center,58.58,0
21701153,01/04/2018,Oracle Arena,70.5,0
21701154,01/04/2018,Moda Center,61.59,0
21701155,01/04/2018,Staples Center,73.78,0
21701156,03/04/2018,Quicken Loans Arena,41.92,0
21701157,03/04/2018,Wells Fargo Arena,88.54,0
21701158,03/04/2018,American Airlines Center,53.57,0
21701159,03/04/2018,Madison Square Garden,41.8,0.0174
21701160,03/04/2018,United Center,40.88,0
21701161,03/04/2018,Toyota Center,79.61,0
21701162,03/04/2018,Fiserv Forum,36.39,0
21701163,03/04/2018,Chesapeake Energy Arena,53.53,0
21701164,03/04/2018,American Airlines Center,53.57,0
21701165,03/04/2018,Pepsi Center,72.34,0
21701166,03/04/2018,Vivint Smart Home Arena,45.09,0.0009
21701167,03/04/2018,Talking Stick Resort Arena,88.61,0
21701168,03/04/2018,Staples Center,67.2,0
21701169,04/04/2018,Little Caesars Arena,38.61,0.0344
21701170,04/04/2018,Amway Center,84.09,0
21701171,04/04/2018,Scotiabank Arena,37.35,0.0102
21701172,04/04/2018,State Farm Arena,80.28,0
21701173,04/04/2018,Smoothie King Center,81.03,0
21701174,04/04/2018,Staples Center,70.69,0
21701175,05/04/2018,Bankers Life Fieldhouse,34.12,0
21701176,05/04/2018,Quicken Loans Arena,33.11,0.0002
21701177,05/04/2018,Toyota Center,72.84,0
21701178,05/04/2018,Fiserv Forum,33.1,0.0011
21701179,05/04/2018,Vivint Smart Home Arena,54.97,0
21701180,05/04/2018,Pepsi Center,62.62,0
21701181,06/04/2018,Little Caesars Arena,42.29,0
21701182,06/04/2018,Amway Center,76.71,0
21701183,06/04/2018,Wells Fargo Arena,91.05,0
21701184,06/04/2018,Capital Center,53.2,0
21701185,06/04/2018,Td Garden,39.89,0
21701186,06/04/2018,Madison Square Garden,43.44,0
21701187,06/04/2018,Scotiabank Arena,35.09,0
21701188,06/04/2018,Fedex Forum,62.58,0
21701189,06/04/2018,Talking Stick Resort Arena,91.42,0
21701190,06/04/2018,Staples Center,69.47,0
21701191,07/04/2018,Staples Center,70.58,0
21701192,07/04/2018,Madison Square Garden,59.32,0.0003
21701193,07/04/2018,United Center,33.15,0
21701194,07/04/2018,Toyota Center,77.24,0.0015
21701195,07/04/2018,Oracle Arena,61.25,0.0673
21701196,07/04/2018,At&t Center,84.9,0
21701197,08/04/2018,Spectrum Center,47.8,0.0005
21701198,08/04/2018,Wells Fargo Arena,92.79,0
21701199,08/04/2018,Fedex Forum,38.85,0
21701200,08/04/2018,Scotiabank Arena,32.13,0
21701201,08/04/2018,Staples Center,70.83,0
21701202,08/04/2018,Td Garden,44.98,0
21701203,08/04/2018,Talking Stick Resort Arena,93,0
21701204,09/04/2018,Little Caesars Arena,38.74,0
21701205,09/04/2018,Barclays Center,40.71,0
21701206,09/04/2018,American Airlines Center,55.7,0
21701207,09/04/2018,Madison Square Garden,40.64,0
21701208,09/04/2018,Fiserv Forum,33.29,0
21701209,09/04/2018,Target Center,29.29,0.0005
21701210,09/04/2018,At&t Center,70.02,0
21701211,09/04/2018,Pepsi Center,61.1,0
21701212,09/04/2018,Staples Center,75.27,0
21701213,10/04/2018,Bankers Life Fieldhouse,40.15,0
21701214,10/04/2018,State Farm Arena,58.73,0
21701215,10/04/2018,Capital Center,43.77,0
21701216,10/04/2018,American Airlines Center,69.56,0
21701217,10/04/2018,Vivint Smart Home Arena,57.18,0
21701218,10/04/2018,Staples Center,93.34,0
21701219,11/04/2018,Td Garden,39.75,0.0003
21701220,11/04/2018,Quicken Loans Arena,41.35,0
21701221,11/04/2018,American Airlines Center,71.91,0
21701222,11/04/2018,Amway Center,69.49,0.0023
21701223,11/04/2018,Wells Fargo Arena,97.53,0
21701224,11/04/2018,United Center,44.1,0
21701225,11/04/2018,Target Center,40.35,0
21701226,11/04/2018,Smoothie King Center,74.11,0
21701227,11/04/2018,Chesapeake Energy Arena,70.06,0
21701228,11/04/2018,Staples Center,88.25,0
21701229,11/04/2018,Moda Center,59.44,0.0129
21701230,11/04/2018,Golden 1 Center,68.26,0
21800001,16/10/2018,Td Garden,63.45,0
21800002,16/10/2018,Oracle Arena,78.1,0
21800003,17/10/2018,Spectrum Center,75.46,0
21800004,17/10/2018,Little Caesars Arena,56.11,0
21800005,17/10/2018,Bankers Life Fieldhouse,54.11,0
21800006,17/10/2018,Amway Center,89.12,0
21800007,17/10/2018,Madison Square Garden,53.14,0
21800008,17/10/2018,Scotiabank Arena,52.88,NULL
21800009,17/10/2018,Toyota Center,60,0
21800010,17/10/2018,At&t Center,50.45,0
21800011,17/10/2018,Golden 1 Center,79.37,0
21800012,17/10/2018,Staples Center,81.78,0
21800013,17/10/2018,Talking Stick Resort Arena,67.67,0
21800014,18/10/2018,Wells Fargo Arena,76.18,0
21800015,18/10/2018,Capital Center,64.79,0
21800016,18/10/2018,Moda Center,74.15,0
21800017,19/10/2018,Amway Center,86.2,0
21800018,19/10/2018,Barclays Center,49.54,0
21800019,19/10/2018,Scotiabank Arena,46.38,NULL
21800020,19/10/2018,Fedex Forum,64.33,0
21800021,19/10/2018,Target Center,70.95,0
21800022,19/10/2018,Smoothie King Center,80.13,0
21800023,19/10/2018,Fiserv Forum,57.75,0
21800024,19/10/2018,Vivint Smart Home Arena,59.17,0
21800025,19/10/2018,Staples Center,85.17,0
21800026,20/10/2018,Bankers Life Fieldhouse,52.17,0.0044
21800027,20/10/2018,Capital Center,61.76,0
21800028,20/10/2018,Madison Square Garden,57.09,0
21800029,20/10/2018,Wells Fargo Arena,83.75,0
21800030,20/10/2018,American Airlines Center,59.94,0.0751
21800031,20/10/2018,United Center,49.65,0.001
21800032,20/10/2018,American Airlines Center,59.94,0.0751
21800033,20/10/2018,Pepsi Center,66.24,0
21800034,20/10/2018,Moda Center,69.03,0
21800035,20/10/2018,Staples Center,87.85,0
21800036,21/10/2018,Quicken Loans Arena,49.61,0.1293
21800037,21/10/2018,Chesapeake Energy Arena,68.71,0
21800038,21/10/2018,Pepsi Center,69.8,0
21800039,21/10/2018,Staples Center,88.03,0
21800040,22/10/2018,Td Garden,41.69,0
21800041,22/10/2018,Scotiabank Arena,42.77,NULL
21800042,22/10/2018,Fiserv Forum,49.28,0
21800043,22/10/2018,Target Center,57.46,0
21800044,22/10/2018,American Airlines Center,69.06,0
21800045,22/10/2018,Vivint Smart Home Arena,68.09,0
21800046,22/10/2018,Moda Center,66.96,0
21800047,22/10/2018,Oracle Arena,68.06,0
21800048,22/10/2018,Staples Center,80.18,0
21800049,23/10/2018,Little Caesars Arena,54.3,0
21800050,23/10/2018,Smoothie King Center,73.29,0
21800051,23/10/2018,Pepsi Center,70.69,0
21800052,24/10/2018,State Farm Arena,64.59,0
21800053,24/10/2018,Quicken Loans Arena,50.12,0
21800054,24/10/2018,American Airlines Center,71.24,0
21800055,24/10/2018,Scotiabank Arena,46.38,NULL
21800056,24/10/2018,United Center,49.89,0
21800057,24/10/2018,Toyota Center,62.11,0
21800058,24/10/2018,At&t Center,63.41,0
21800059,24/10/2018,Fiserv Forum,48.23,0
21800060,24/10/2018,Talking Stick Resort Arena,86.67,0
21800061,24/10/2018,Golden 1 Center,71.08,0
21800062,24/10/2018,Oracle Arena,65.03,0
21800063,25/10/2018,Little Caesars Arena,48.28,0
21800064,25/10/2018,Amway Center,78.58,0
21800065,25/10/2018,Chesapeake Energy Arena,54.8,0.0083
21800066,25/10/2018,Staples Center,79.47,0
21800067,26/10/2018,Spectrum Center,54.18,0
21800068,26/10/2018,Madison Square Garden,47.19,0
21800069,26/10/2018,Scotiabank Arena,44.11,NULL
21800070,26/10/2018,Toyota Center,67.73,0
21800071,26/10/2018,Target Center,53.42,0
21800072,26/10/2018,Smoothie King Center,77.54,0
21800073,26/10/2018,Golden 1 Center,79.71,0
21800074,27/10/2018,Little Caesars Arena,49.79,0
21800075,27/10/2018,Smoothie King Center,68.87,0
21800076,27/10/2018,State Farm Arena,50.71,0.0007
21800077,27/10/2018,Quicken Loans Arena,47.56,0.0486
21800078,27/10/2018,Wells Fargo Arena,86.14,0
21800079,27/10/2018,American Airlines Center,72.4,0
21800080,27/10/2018,Fedex Forum,54.49,0.0004
21800081,27/10/2018,Fiserv Forum,47.88,0
21800082,27/10/2018,At&t Center,79.83,0.0002
21800083,28/10/2018,Barclays Center,50.55,0.0033
21800084,28/10/2018,American Airlines Center,82.64,0
21800085,28/10/2018,Chesapeake Energy Arena,79.4,0
21800086,28/10/2018,Staples Center,87.36,0
21800087,29/10/2018,Bankers Life Fieldhouse,51.53,0
21800088,29/10/2018,Wells Fargo Arena,88.33,0
21800089,29/10/2018,American Airlines Center,84.48,0
21800090,29/10/2018,Madison Square Garden,51,0
21800091,29/10/2018,United Center,46.98,0.0023
21800092,29/10/2018,Fiserv Forum,45.66,0
21800093,29/10/2018,Target Center,51.19,0
21800094,29/10/2018,At&t Center,80.57,0
21800095,29/10/2018,Pepsi Center,75.77,0
21800096,30/10/2018,Spectrum Center,56.2,0
21800097,30/10/2018,Quicken Loans Arena,47.08,0
21800098,30/10/2018,Amway Center,76.89,0
21800099,30/10/2018,Td Garden,50.5,0
21800100,30/10/2018,Scotiabank Arena,46.04,NULL
21800101,30/10/2018,Toyota Center,82.25,0
21800102,30/10/2018,Fedex Forum,63.8,0
21800103,30/10/2018,Chesapeake Energy Arena,79.35,0
21800104,31/10/2018,Barclays Center,51.23,NULL
21800105,31/10/2018,Madison Square Garden,50.71,NULL
21800106,31/10/2018,United Center,65.38,NULL
21800107,31/10/2018,Target Center,49.29,NULL
21800108,31/10/2018,Oracle Arena,71.38,NULL
21800109,31/10/2018,Staples Center,74.57,NULL
21800110,31/10/2018,Talking Stick Resort Arena,83.47,NULL
21800111,01/11/2018,Spectrum Center,65.61,0
21800112,01/11/2018,Quicken Loans Arena,52.81,0.0707
21800113,01/11/2018,Wells Fargo Arena,76.1,0
21800114,01/11/2018,State Farm Arena,70.98,0
21800115,01/11/2018,Td Garden,53.58,0
21800116,01/11/2018,Moda Center,56.23,0.007
21800117,02/11/2018,Amway Center,78.75,0
21800118,02/11/2018,Barclays Center,64.1,0
21800119,02/11/2018,Capital Center,67.67,0
21800120,02/11/2018,United Center,46.36,0
21800121,02/11/2018,American Airlines Center,60.63,0
21800122,02/11/2018,Vivint Smart Home Arena,48.21,0
21800123,02/11/2018,Talking Stick Resort Arena,77.27,0
21800124,02/11/2018,Oracle Arena,81.12,0
21800125,03/11/2018,Wells Fargo Arena,81.07,0
21800126,03/11/2018,Spectrum Center,61.1,0
21800127,03/11/2018,Bankers Life Fieldhouse,45.09,0
21800128,03/11/2018,State Farm Arena,49.96,0
21800129,03/11/2018,United Center,44.77,0
21800130,03/11/2018,At&t Center,73.02,0
21800131,03/11/2018,Pepsi Center,60.52,0
21800132,03/11/2018,Moda Center,64.2,0
21800133,04/11/2018,Fiserv Forum,41.73,0
21800134,04/11/2018,Barclays Center,52.88,0
21800135,04/11/2018,Capital Center,53.81,0
21800136,04/11/2018,Talking Stick Resort Arena,81.1,0
21800137,04/11/2018,At&t Center,75.7,0
21800138,04/11/2018,Moda Center,57.68,0
21800139,04/11/2018,Staples Center,87.46,0
21800140,05/11/2018,Little Caesars Arena,49.18,0
21800141,05/11/2018,Bankers Life Fieldhouse,52.29,0.0008
21800142,05/11/2018,Amway Center,72.16,0.0337
21800143,05/11/2018,Madison Square Garden,48.96,0
21800144,05/11/2018,Chesapeake Energy Arena,56.48,0
21800145,05/11/2018,Pepsi Center,52.24,0
21800146,05/11/2018,Vivint Smart Home Arena,49.94,0
21800147,05/11/2018,Oracle Arena,71.28,0
21800148,05/11/2018,Staples Center,83.61,0
21800149,06/11/2018,Spectrum Center,59.73,0
21800150,06/11/2018,American Airlines Center,79.83,0
21800151,06/11/2018,Talking Stick Resort Arena,82.03,0
21800152,06/11/2018,Moda Center,54.94,0.0065
21800153,07/11/2018,Quicken Loans Arena,51.63,0
21800154,07/11/2018,Amway Center,79.11,0
21800155,07/11/2018,State Farm Arena,64.94,0
21800156,07/11/2018,American Airlines Center,73.01,0
21800157,07/11/2018,Bankers Life Fieldhouse,51.46,0
21800158,07/11/2018,Fedex Forum,64.61,0
21800159,07/11/2018,Smoothie King Center,75.19,0
21800160,07/11/2018,Vivint Smart Home Arena,44.78,0
21800161,07/11/2018,Golden 1 Center,74.02,0
21800162,07/11/2018,Staples Center,74.89,0
21800163,08/11/2018,Chesapeake Energy Arena,56.81,0
21800164,08/11/2018,Talking Stick Resort Arena,81.97,0
21800165,08/11/2018,Moda Center,50.79,0
21800166,08/11/2018,Oracle Arena,74.2,0
21800167,09/11/2018,Amway Center,80.22,0
21800168,09/11/2018,Wells Fargo Arena,80.47,0
21800169,09/11/2018,State Farm Arena,56.13,0.0265
21800170,09/11/2018,American Airlines Center,54.95,0
21800171,09/11/2018,Pepsi Center,39.07,0
21800172,09/11/2018,Vivint Smart Home Arena,40.36,0
21800173,09/11/2018,Golden 1 Center,72.28,0
21800174,10/11/2018,Scotiabank Arena,38.77,0.0354
21800175,10/11/2018,Staples Center,79.75,0
21800176,10/11/2018,Smoothie King Center,56.76,0
21800177,10/11/2018,American Airlines Center,53.68,0
21800178,10/11/2018,United Center,29.55,0
21800179,10/11/2018,Fedex Forum,44.87,0.0004
21800180,10/11/2018,At&t Center,56.35,0
21800181,10/11/2018,American Airlines Center,53.68,0
21800182,10/11/2018,Oracle Arena,66.66,0
21800183,10/11/2018,Golden 1 Center,64.27,0
21800184,11/11/2018,Little Caesars Arena,35.44,0
21800185,11/11/2018,Toyota Center,48.75,0
21800186,11/11/2018,Madison Square Garden,38.36,0
21800187,11/11/2018,Pepsi Center,53.39,0
21800188,11/11/2018,Moda Center,52.33,0
21800189,11/11/2018,Staples Center,76.32,0
21800190,12/11/2018,Capital Center,39.42,0
21800191,12/11/2018,American Airlines Center,51.67,0
21800192,12/11/2018,Scotiabank Arena,39.19,NULL
21800193,12/11/2018,United Center,38.62,0
21800194,12/11/2018,Fedex Forum,49.01,0
21800195,12/11/2018,Target Center,25.22,0
21800196,12/11/2018,Chesapeake Energy Arena,46.54,0
21800197,12/11/2018,Golden 1 Center,68.32,0
21800198,12/11/2018,Staples Center,75.88,0
21800199,13/11/2018,Quicken Loans Arena,38.58,0
21800200,13/11/2018,Pepsi Center,29.58,0.0022
21800201,13/11/2018,Oracle Arena,68.03,0
21800202,14/11/2018,Amway Center,80.93,0
21800203,14/11/2018,Capital Center,46.17,0
21800204,14/11/2018,Td Garden,44.35,0.0002
21800205,14/11/2018,Barclays Center,44.59,0
21800206,14/11/2018,Scotiabank Arena,33.46,NULL
21800207,14/11/2018,Fiserv Forum,23.43,0
21800208,14/11/2018,Target Center,20.32,0
21800209,14/11/2018,Chesapeake Energy Arena,31.29,0
21800210,14/11/2018,American Airlines Center,39.63,0
21800211,14/11/2018,Talking Stick Resort Arena,66.41,0
21800212,14/11/2018,Staples Center,74.12,0
21800213,15/11/2018,Toyota Center,50.13,0
21800214,15/11/2018,Pepsi Center,61.58,0
21800215,15/11/2018,Staples Center,78.9,0
21800216,16/11/2018,Td Garden,31.85,0
21800217,16/11/2018,Bankers Life Fieldhouse,33.23,0.0067
21800218,16/11/2018,Wells Fargo Arena,74.54,0
21800219,16/11/2018,Capital Center,36.01,0.0121
21800220,16/11/2018,Fedex Forum,40.62,0.0004
21800221,16/11/2018,Target Center,41.59,0
21800222,16/11/2018,Smoothie King Center,51.44,0
21800223,16/11/2018,Fiserv Forum,34.43,0
21800224,17/11/2018,Barclays Center,41.39,0.0009
21800225,17/11/2018,Spectrum Center,47.37,0
21800226,17/11/2018,Bankers Life Fieldhouse,37.81,0.0004
21800227,17/11/2018,Amway Center,57.93,0
21800228,17/11/2018,Smoothie King Center,57.06,0
21800229,17/11/2018,Td Garden,35.21,0.0003
21800230,17/11/2018,United Center,37.19,0
21800231,17/11/2018,Toyota Center,66.15,0
21800232,17/11/2018,American Airlines Center,69.25,0
21800233,17/11/2018,Talking Stick Resort Arena,75.76,0
21800234,18/11/2018,Target Center,24.98,0
21800235,18/11/2018,American Airlines Center,67.93,0
21800236,18/11/2018,Amway Center,67.97,0
21800237,18/11/2018,Capital Center,44.56,0
21800238,18/11/2018,At&t Center,69.04,0
21800239,19/11/2018,Spectrum Center,51.75,0
21800240,19/11/2018,Little Caesars Arena,36.24,0
21800241,19/11/2018,Bankers Life Fieldhouse,41.08,0
21800242,19/11/2018,Wells Fargo Arena,72.59,0
21800243,19/11/2018,State Farm Arena,56.19,0
21800244,19/11/2018,Fedex Forum,57.63,0
21800245,19/11/2018,Fiserv Forum,30.36,0
21800246,19/11/2018,Smoothie King Center,64.2,0
21800247,19/11/2018,Golden 1 Center,65.38,0
21800248,20/11/2018,Amway Center,72.99,0
21800249,20/11/2018,Capital Center,52.42,0
21800250,20/11/2018,American Airlines Center,53.55,0
21800251,20/11/2018,Madison Square Garden,46.44,0
21800252,21/11/2018,Spectrum Center,52.23,0
21800253,21/11/2018,Wells Fargo Arena,77.82,0
21800254,21/11/2018,State Farm Arena,49.12,0
21800255,21/11/2018,Td Garden,34.42,0.0106
21800256,21/11/2018,Quicken Loans Arena,31.27,0
21800257,21/11/2018,United Center,30.6,0
21800258,21/11/2018,Toyota Center,60.14,0
21800259,21/11/2018,Fiserv Forum,30.75,0
21800260,21/11/2018,Target Center,29.15,0
21800261,21/11/2018,American Airlines Center,57.01,0
21800262,21/11/2018,At&t Center,60.73,0
21800263,21/11/2018,Vivint Smart Home Arena,46.9,0
21800264,21/11/2018,Oracle Arena,65.14,0
21800265,23/11/2018,Barclays Center,24.14,0
21800266,23/11/2018,Staples Center,66.71,0
21800267,23/11/2018,Little Caesars Arena,26.96,0
21800268,23/11/2018,State Farm Arena,49.99,0
21800269,23/11/2018,Madison Square Garden,23.92,0
21800270,23/11/2018,Wells Fargo Arena,66,0
21800271,23/11/2018,Scotiabank Arena,19.4,NULL
21800272,23/11/2018,Bankers Life Fieldhouse,41.31,0
21800273,23/11/2018,United Center,35.41,0
21800274,23/11/2018,Chesapeake Energy Arena,58.37,0
21800275,23/11/2018,Fiserv Forum,35.91,0
21800276,23/11/2018,Pepsi Center,56.56,0
21800277,23/11/2018,Oracle Arena,61.3,0
21800278,23/11/2018,Staples Center,66.71,0
21800279,24/11/2018,Quicken Loans Arena,45.33,0
21800280,24/11/2018,Capital Center,33.18,0
21800281,24/11/2018,Target Center,40.36,0.0101
21800282,24/11/2018,Chesapeake Energy Arena,65.98,0
21800283,24/11/2018,American Airlines Center,73.07,0
21800284,24/11/2018,Fiserv Forum,44.2,0
21800285,24/11/2018,Oracle Arena,60.49,0.0396
21800286,25/11/2018,Staples Center,69.17,0
21800287,25/11/2018,Little Caesars Arena,48.62,0
21800288,25/11/2018,State Farm Arena,49.15,0
21800289,25/11/2018,Barclays Center,45.19,0
21800290,25/11/2018,Scotiabank Arena,42.09,0.0592
21800291,25/11/2018,Fedex Forum,59.84,0
21800292,25/11/2018,Golden 1 Center,61.31,0
21800293,25/11/2018,Moda Center,46.61,0
21800294,26/11/2018,Spectrum Center,50.71,0
21800295,26/11/2018,Quicken Loans Arena,42.93,0
21800296,26/11/2018,Capital Center,51.39,0
21800297,26/11/2018,United Center,37.37,0.0119
21800298,26/11/2018,Smoothie King Center,72.59,0
21800299,26/11/2018,Vivint Smart Home Arena,37.99,0
21800300,26/11/2018,Oracle Arena,64.28,0
21800301,27/11/2018,Little Caesars Arena,32.98,0
21800302,27/11/2018,American Airlines Center,50.44,0
21800303,27/11/2018,Fedex Forum,37.64,0
21800304,27/11/2018,Pepsi Center,49.01,0
21800305,27/11/2018,Talking Stick Resort Arena,75.06,0
21800306,28/11/2018,Spectrum Center,39.77,0
21800307,28/11/2018,Wells Fargo Arena,75.25,0
21800308,28/11/2018,Barclays Center,40.64,0
21800309,28/11/2018,Toyota Center,59.81,0
21800310,28/11/2018,Fiserv Forum,21.86,0
21800311,28/11/2018,Target Center,24.42,0
21800312,28/11/2018,Smoothie King Center,51.83,0
21800313,28/11/2018,Chesapeake Energy Arena,48.63,0
21800314,28/11/2018,Moda Center,56.15,0
21800315,28/11/2018,Staples Center,73.84,0
21800316,29/11/2018,Scotiabank Arena,36.69,NULL
21800317,29/11/2018,Staples Center,66.73,0
21800318,29/11/2018,Golden 1 Center,62.46,0
21800319,30/11/2018,Td Garden,39.6,0
21800320,30/11/2018,Spectrum Center,51.36,0
21800321,30/11/2018,Little Caesars Arena,30.78,0
21800322,30/11/2018,Wells Fargo Arena,68.59,0
21800323,30/11/2018,Barclays Center,41.11,0
21800324,30/11/2018,American Airlines Center,77.04,0
21800325,30/11/2018,Chesapeake Energy Arena,58.25,0
21800326,30/11/2018,At&t Center,73.01,0
21800327,30/11/2018,Talking Stick Resort Arena,68.65,0
21800328,30/11/2018,Staples Center,61.43,0.005
21800329,30/11/2018,Moda Center,50.46,0
21800330,01/12/2018,Madison Square Garden,39.27,0
21800331,01/12/2018,Little Caesars Arena,36.74,0
21800332,01/12/2018,Quicken Loans Arena,37.25,0
21800333,01/12/2018,Capital Center,42.77,0
21800334,01/12/2018,Toyota Center,75.15,0
21800335,01/12/2018,Target Center,30.21,0
21800336,01/12/2018,Golden 1 Center,59.63,0
21800337,02/12/2018,Staples Center,63.57,0
21800338,02/12/2018,Spectrum Center,55,0.0153
21800339,02/12/2018,American Airlines Center,70.18,0
21800340,02/12/2018,Wells Fargo Arena,63.22,0
21800341,02/12/2018,American Airlines Center,70.18,0
21800342,02/12/2018,At&t Center,77.5,0
21800343,03/12/2018,Little Caesars Arena,52.28,0.0073
21800344,03/12/2018,State Farm Arena,63.99,0
21800345,03/12/2018,Barclays Center,51.98,0.0057
21800346,03/12/2018,Madison Square Garden,51.97,0.0051
21800347,03/12/2018,Scotiabank Arena,47.49,NULL
21800348,03/12/2018,Target Center,30.15,0
21800349,03/12/2018,Smoothie King Center,71.47,0
21800350,04/12/2018,Bankers Life Fieldhouse,35.93,0.0031
21800351,04/12/2018,American Airlines Center,51.43,0
21800352,04/12/2018,American Airlines Center,51.43,0
21800353,04/12/2018,Talking Stick Resort Arena,62.38,0
21800354,04/12/2018,Vivint Smart Home Arena,29.83,0
21800355,05/12/2018,Quicken Loans Arena,31.97,0
21800356,05/12/2018,Amway Center,68.41,0
21800357,05/12/2018,State Farm Arena,43.96,0
21800358,05/12/2018,Barclays Center,36.24,0
21800359,05/12/2018,Scotiabank Arena,29.5,NULL
21800360,05/12/2018,Fedex Forum,35.87,0
21800361,05/12/2018,Fiserv Forum,30.1,0
21800362,05/12/2018,Target Center,21.87,0
21800363,05/12/2018,Smoothie King Center,55.2,0
21800364,05/12/2018,Staples Center,69.63,0
21800365,06/12/2018,Td Garden,31.52,0
21800366,06/12/2018,Moda Center,43.26,0
21800367,06/12/2018,Vivint Smart Home Arena,31.97,0
21800368,07/12/2018,Spectrum Center,39.86,0
21800369,07/12/2018,Little Caesars Arena,30.79,0
21800370,07/12/2018,Amway Center,60.74,0
21800371,07/12/2018,Barclays Center,37.56,0
21800372,07/12/2018,Quicken Loans Arena,32.26,0.2048
21800373,07/12/2018,United Center,26.92,0
21800374,07/12/2018,Smoothie King Center,54.51,0
21800375,07/12/2018,At&t Center,60.06,0
21800376,07/12/2018,Talking Stick Resort Arena,58.89,0
21800377,07/12/2018,Fiserv Forum,22.74,0
21800378,08/12/2018,American Airlines Center,45.07,0.0363
21800379,08/12/2018,Bankers Life Fieldhouse,27.52,0
21800380,08/12/2018,State Farm Arena,44.56,0.0038
21800381,08/12/2018,Quicken Loans Arena,28.55,0
21800382,08/12/2018,Madison Square Garden,32.49,0
21800383,08/12/2018,United Center,21.82,0
21800384,08/12/2018,Fedex Forum,40.91,0.0035
21800385,08/12/2018,Moda Center,39.67,0
21800386,08/12/2018,Staples Center,67.95,0
21800387,09/12/2018,Little Caesars Arena,28.53,0
21800388,09/12/2018,Scotiabank Arena,30.56,NULL
21800389,09/12/2018,Madison Square Garden,32.1,0
21800390,09/12/2018,At&t Center,48.18,0.0005
21800391,10/12/2018,Bankers Life Fieldhouse,29.74,0
21800392,10/12/2018,Wells Fargo Arena,70.33,0
21800393,10/12/2018,Td Garden,31.17,0
21800394,10/12/2018,United Center,28.65,0
21800395,10/12/2018,Fiserv Forum,22.36,0
21800396,10/12/2018,Chesapeake Energy Arena,43.66,0
21800397,10/12/2018,American Airlines Center,49.83,0
21800398,10/12/2018,Pepsi Center,43.23,0
21800399,10/12/2018,Talking Stick Resort Arena,70.37,0
21800400,10/12/2018,Oracle Arena,51.85,0
21800401,10/12/2018,Staples Center,69.51,0
21800402,11/12/2018,Toyota Center,57.26,0
21800403,11/12/2018,At&t Center,59.18,0
21800404,11/12/2018,Staples Center,66.22,0
21800405,12/12/2018,Spectrum Center,41.91,0.0017
21800406,12/12/2018,Quicken Loans Arena,33.36,0
21800407,12/12/2018,Bankers Life Fieldhouse,36.12,0
21800408,12/12/2018,Wells Fargo Arena,68.4,0
21800409,12/12/2018,Capital Center,37.05,0
21800410,12/12/2018,Fedex Forum,45.33,0
21800411,12/12/2018,Smoothie King Center,51.79,0
21800412,12/12/2018,American Airlines Center,56.6,0
21800413,12/12/2018,Vivint Smart Home Arena,33.76,0
21800414,12/12/2018,Golden 1 Center,57.12,0
21800415,12/12/2018,Oracle Arena,58.47,0
21800416,13/12/2018,Toyota Center,67.24,0
21800417,13/12/2018,At&t Center,62.98,0
21800418,13/12/2018,Amway Center,57.92,0
21800419,13/12/2018,Talking Stick Resort Arena,66.61,0
21800420,14/12/2018,Td Garden,30.62,0
21800421,14/12/2018,Spectrum Center,45.63,0
21800422,14/12/2018,Barclays Center,37.52,0.0006
21800423,14/12/2018,Quicken Loans Arena,39.65,0
21800424,14/12/2018,Wells Fargo Arena,67.87,0
21800425,14/12/2018,Fedex Forum,57.18,0.0011
21800426,14/12/2018,Pepsi Center,41.31,0
21800427,14/12/2018,Moda Center,52.36,0
21800428,14/12/2018,Golden 1 Center,58.17,0
21800429,15/12/2018,Amway Center,72.43,0.004
21800430,15/12/2018,Spectrum Center,43.12,0.0024
21800431,15/12/2018,Little Caesars Arena,42.71,0
21800432,15/12/2018,Fedex Forum,51.75,0.0736
21800433,15/12/2018,At&t Center,56.7,0
21800434,15/12/2018,Chesapeake Energy Arena,50.14,0
21800435,15/12/2018,Talking Stick Resort Arena,65.16,0
21800436,16/12/2018,Barclays Center,49.95,0
21800437,16/12/2018,Quicken Loans Arena,41.18,0.0087
21800438,16/12/2018,Bankers Life Fieldhouse,42.26,0.0017
21800439,16/12/2018,Capital Center,52.43,0.0763
21800440,16/12/2018,American Airlines Center,59.39,0
21800441,16/12/2018,Smoothie King Center,52.99,0
21800442,16/12/2018,Pepsi Center,53.6,0
21800443,17/12/2018,Little Caesars Arena,42,0
21800444,17/12/2018,Madison Square Garden,39.4,0.0474
21800445,17/12/2018,Toyota Center,63.28,0
21800446,17/12/2018,Target Center,40.69,0
21800447,17/12/2018,Chesapeake Energy Arena,51.29,0
21800448,17/12/2018,At&t Center,66,0
21800449,17/12/2018,Oracle Arena,58.73,0.0304
21800450,17/12/2018,Staples Center,70.21,0
21800451,18/12/2018,Bankers Life Fieldhouse,36.82,0
21800452,18/12/2018,State Farm Arena,54.92,0
21800453,18/12/2018,Barclays Center,42.65,0
21800454,18/12/2018,Pepsi Center,55.35,0
21800455,19/12/2018,Spectrum Center,50.31,0
21800456,19/12/2018,Amway Center,61.3,0
21800457,19/12/2018,Wells Fargo Arena,68.47,0
21800458,19/12/2018,Td Garden,28.23,0
21800459,19/12/2018,Scotiabank Arena,29.5,NULL
21800460,19/12/2018,United Center,38.31,0
21800461,19/12/2018,Toyota Center,61.79,0
21800462,19/12/2018,Fiserv Forum,39.04,0
21800463,19/12/2018,Target Center,38.15,0
21800464,19/12/2018,Vivint Smart Home Arena,45.46,0
21800465,19/12/2018,Moda Center,55.3,0
21800466,19/12/2018,Golden 1 Center,62.03,0
21800467,20/12/2018,American Airlines Center,58.37,0.0003
21800468,20/12/2018,Staples Center,75,0
21800469,21/12/2018,Spectrum Center,58.12,0.0562
21800470,21/12/2018,Scotiabank Arena,39.19,NULL
21800471,21/12/2018,Barclays Center,43.38,0.0329
21800472,21/12/2018,Madison Square Garden,42.94,0.0329
21800473,21/12/2018,Td Garden,43.21,0
21800474,21/12/2018,United Center,44.99,0.0013
21800475,21/12/2018,At&t Center,63.28,0
21800476,21/12/2018,Moda Center,51.1,0
21800477,21/12/2018,Golden 1 Center,53.96,0
21800478,21/12/2018,Staples Center,77.6,0
21800479,22/12/2018,Staples Center,70.17,0
21800480,22/12/2018,Capital Center,57.91,0.0027
21800481,22/12/2018,Wells Fargo Arena,67.71,0
21800482,22/12/2018,American Airlines Center,58.87,0
21800483,22/12/2018,Toyota Center,62.18,0
21800484,22/12/2018,Oracle Arena,56.48,0
21800485,22/12/2018,Vivint Smart Home Arena,44.99,0
21800486,23/12/2018,Little Caesars Arena,33.55,0
21800487,23/12/2018,Bankers Life Fieldhouse,36.82,0
21800488,23/12/2018,Td Garden,39.27,0
21800489,23/12/2018,Barclays Center,43,0
21800490,23/12/2018,Quicken Loans Arena,33.89,0
21800491,23/12/2018,Amway Center,55.22,0
21800492,23/12/2018,Golden 1 Center,54.04,0
21800493,23/12/2018,Chesapeake Energy Arena,53.42,0
21800494,23/12/2018,Oracle Arena,57.11,0
21800495,23/12/2018,Moda Center,42.96,0
21800496,23/12/2018,Staples Center,69.39,0
21800497,25/12/2018,Madison Square Garden,40.33,0
21800498,25/12/2018,Toyota Center,60.14,0
21800499,25/12/2018,Td Garden,34.51,0
21800500,25/12/2018,Oracle Arena,57.96,0.1171
21800501,25/12/2018,Vivint Smart Home Arena,42.14,0
21800502,26/12/2018,Little Caesars Arena,32.89,0
21800503,26/12/2018,Amway Center,65.97,0
21800504,26/12/2018,State Farm Arena,53.67,0
21800505,26/12/2018,Barclays Center,36.93,0
21800506,26/12/2018,American Airlines Center,63.07,0.0004
21800507,26/12/2018,United Center,41.64,0
21800508,26/12/2018,Fedex Forum,54.73,0
21800509,26/12/2018,American Airlines Center,63.07,0.0004
21800510,26/12/2018,At&t Center,71.12,0
21800511,26/12/2018,Staples Center,64.05,0
21800512,27/12/2018,Toyota Center,66,0.04
21800513,27/12/2018,Fiserv Forum,36.83,0
21800514,27/12/2018,Golden 1 Center,56.09,0
21800515,27/12/2018,Vivint Smart Home Arena,31.42,0
21800516,27/12/2018,Oracle Arena,57.85,0
21800517,28/12/2018,Spectrum Center,46.15,0
21800518,28/12/2018,Bankers Life Fieldhouse,46.04,0.0353
21800519,28/12/2018,Amway Center,73.39,0
21800520,28/12/2018,Capital Center,47.38,0
21800521,28/12/2018,American Airlines Center,54.77,0
21800522,28/12/2018,Target Center,35.23,0.0319
21800523,28/12/2018,Smoothie King Center,72.69,0.0019
21800524,28/12/2018,Pepsi Center,26.77,0
21800525,28/12/2018,Talking Stick Resort Arena,58.05,0
21800526,28/12/2018,Staples Center,62.12,0
21800527,29/12/2018,Fiserv Forum,32.05,0
21800528,29/12/2018,Smoothie King Center,63.38,0
21800529,29/12/2018,State Farm Arena,59.62,0
21800530,29/12/2018,Capital Center,54.1,0
21800531,29/12/2018,Fedex Forum,46.23,0
21800532,29/12/2018,Vivint Smart Home Arena,25.58,0
21800533,29/12/2018,Talking Stick Resort Arena,54.1,0
21800534,29/12/2018,Moda Center,44.53,0.0219
21800535,29/12/2018,Staples Center,59.43,0
21800536,30/12/2018,Amway Center,74.79,0
21800537,30/12/2018,American Airlines Center,40.78,0
21800538,30/12/2018,Scotiabank Arena,24.64,NULL
21800539,30/12/2018,American Airlines Center,40.78,0
21800540,30/12/2018,Moda Center,52.18,0
21800541,30/12/2018,Staples Center,61.6,0
21800542,31/12/2018,Bankers Life Fieldhouse,34.92,0
21800543,31/12/2018,Spectrum Center,55.16,0
21800544,31/12/2018,Toyota Center,48.39,0.0156
21800545,31/12/2018,At&t Center,42.21,0.0069
21800546,31/12/2018,Smoothie King Center,69.47,0
21800547,31/12/2018,Chesapeake Energy Arena,38.71,0
21800548,31/12/2018,Talking Stick Resort Arena,56.16,0
21800549,01/01/2019,Scotiabank Arena,36.97,0.0609
21800550,01/01/2019,Fiserv Forum,34.16,0.0323
21800551,01/01/2019,Pepsi Center,12.08,0
21800552,01/01/2019,Golden 1 Center,54.95,0
21800553,01/01/2019,Staples Center,60.15,0
21800554,02/01/2019,Spectrum Center,61.54,0
21800555,02/01/2019,Quicken Loans Arena,34,0
21800556,02/01/2019,Capital Center,50.81,0
21800557,02/01/2019,Barclays Center,45.11,0
21800558,02/01/2019,Td Garden,43.31,0
21800559,02/01/2019,United Center,27.65,0
21800560,02/01/2019,Fedex Forum,44.98,0
21800561,02/01/2019,Talking Stick Resort Arena,50.46,0
21800562,02/01/2019,Staples Center,58.3,0
21800563,03/01/2019,At&t Center,41.48,0.0263
21800564,03/01/2019,Golden 1 Center,53.04,0
21800565,03/01/2019,Oracle Arena,54.52,0
21800566,04/01/2019,Td Garden,39.8,0
21800567,04/01/2019,Quicken Loans Arena,34.08,0
21800568,04/01/2019,American Airlines Center,39.72,0
21800569,04/01/2019,United Center,37.1,0
21800570,04/01/2019,Fedex Forum,43.89,0
21800571,04/01/2019,Target Center,38.59,0.0003
21800572,04/01/2019,Fiserv Forum,36.5,0
21800573,04/01/2019,Talking Stick Resort Arena,56.14,0
21800574,04/01/2019,Staples Center,66.34,0
21800575,04/01/2019,Moda Center,53.54,0
21800576,05/01/2019,Pepsi Center,61.43,0
21800577,05/01/2019,Little Caesars Arena,43.59,0
21800578,05/01/2019,Wells Fargo Arena,66.34,0
21800579,05/01/2019,Quicken Loans Arena,44.48,0
21800580,05/01/2019,Fiserv Forum,38.47,0
21800581,05/01/2019,At&t Center,68.46,0
21800582,05/01/2019,Moda Center,50.96,0
21800583,05/01/2019,Golden 1 Center,55.38,0
21800584,06/01/2019,United Center,47.75,0
21800585,06/01/2019,Target Center,40.2,0
21800586,06/01/2019,Staples Center,56.81,0
21800587,06/01/2019,State Farm Arena,55.39,0
21800588,06/01/2019,Chesapeake Energy Arena,61.86,0
21800589,06/01/2019,Scotiabank Arena,34.88,NULL
21800590,06/01/2019,Talking Stick Resort Arena,66.01,0
21800591,07/01/2019,Little Caesars Arena,36.16,0
21800592,07/01/2019,Td Garden,35.44,0
21800593,07/01/2019,Toyota Center,69.16,0
21800594,07/01/2019,Fiserv Forum,34.54,0
21800595,07/01/2019,Smoothie King Center,64,0
21800596,07/01/2019,American Airlines Center,63.44,0
21800597,07/01/2019,Moda Center,42.7,0.0131
21800598,07/01/2019,Golden 1 Center,48.89,0.0405
21800599,08/01/2019,Quicken Loans Arena,47.43,0.0656
21800600,08/01/2019,Wells Fargo Arena,63.11,0
21800601,08/01/2019,American Airlines Center,72.09,0
21800602,08/01/2019,Scotiabank Arena,32.27,NULL
21800603,08/01/2019,Chesapeake Energy Arena,64.11,0
21800604,08/01/2019,Talking Stick Resort Arena,63.31,0
21800605,08/01/2019,Oracle Arena,58.13,0
21800606,08/01/2019,Staples Center,59.32,0
21800607,09/01/2019,Td Garden,40.12,0
21800608,09/01/2019,Capital Center,53.26,0
21800609,09/01/2019,Barclays Center,41.79,0
21800610,09/01/2019,Toyota Center,73.51,0
21800611,09/01/2019,Fedex Forum,58.7,0
21800612,09/01/2019,Smoothie King Center,70.65,0
21800613,09/01/2019,American Airlines Center,64.09,0
21800614,09/01/2019,Vivint Smart Home Arena,40.84,0
21800615,09/01/2019,Moda Center,46.4,0
21800616,09/01/2019,Staples Center,70.33,0
21800617,10/01/2019,American Airlines Center,57.75,0
21800618,10/01/2019,Pepsi Center,50.02,0
21800619,10/01/2019,At&t Center,61.13,0
21800620,10/01/2019,Golden 1 Center,61.4,0
21800621,11/01/2019,Wells Fargo Arena,65.13,0
21800622,11/01/2019,Capital Center,32.03,0
21800623,11/01/2019,Madison Square Garden,32.01,0
21800624,11/01/2019,Scotiabank Arena,18.69,0.0012
21800625,11/01/2019,Toyota Center,59.93,0
21800626,11/01/2019,Target Center,23.59,0
21800627,11/01/2019,Vivint Smart Home Arena,38.74,0
21800628,11/01/2019,Moda Center,52.72,0
21800629,11/01/2019,Oracle Arena,58.12,0
21800630,12/01/2019,Staples Center,63.21,0
21800631,12/01/2019,American Airlines Center,51.9,0.003
21800632,12/01/2019,Amway Center,64.39,0
21800633,12/01/2019,Target Center,30.74,0
21800634,12/01/2019,Chesapeake Energy Arena,42.72,0.0248
21800635,12/01/2019,Talking Stick Resort Arena,65.76,0
21800636,12/01/2019,Golden 1 Center,57.93,0
21800637,12/01/2019,Vivint Smart Home Arena,35.77,0
21800638,13/01/2019,Madison Square Garden,31.27,0
21800639,13/01/2019,Capital Center,30.62,0.0012
21800640,13/01/2019,State Farm Arena,39.66,0.0008
21800641,13/01/2019,Amway Center,69.79,0
21800642,13/01/2019,American Airlines Center,46.05,0
21800643,13/01/2019,Pepsi Center,37.58,0.0077
21800644,13/01/2019,Staples Center,58.4,0.0034
21800645,14/01/2019,Barclays Center,29.53,0
21800646,14/01/2019,Toyota Center,56.6,0
21800647,14/01/2019,At&t Center,55.16,0
21800648,14/01/2019,Vivint Smart Home Arena,31.19,0
21800649,14/01/2019,Golden 1 Center,60.77,0
21800650,14/01/2019,Staples Center,59.85,0
21800651,15/01/2019,Bankers Life Fieldhouse,28.67,0.0026
21800652,15/01/2019,Wells Fargo Arena,68.33,0
21800653,15/01/2019,State Farm Arena,43.24,0
21800654,15/01/2019,Fiserv Forum,29.14,0
21800655,15/01/2019,Pepsi Center,46.49,0.0015
21800656,15/01/2019,Staples Center,52.1,0.0859
21800657,16/01/2019,Little Caesars Arena,28.83,0
21800658,16/01/2019,Td Garden,30.45,0
21800659,16/01/2019,Toyota Center,53.05,0
21800660,16/01/2019,Fedex Forum,41.51,0
21800661,16/01/2019,American Airlines Center,49.26,0
21800662,16/01/2019,Moda Center,42.28,0
21800663,16/01/2019,Oracle Arena,51.18,0.0517
21800664,16/01/2019,Staples Center,55.42,0.0273
21800665,17/01/2019,Capital Center,39.73,0
21800666,17/01/2019,Spectrum Center,48.56,0
21800667,17/01/2019,Bankers Life Fieldhouse,33.65,0.0084
21800668,17/01/2019,Scotiabank Arena,19.36,0.0016
21800669,17/01/2019,Pepsi Center,49.8,0
21800670,17/01/2019,Chesapeake Energy Arena,47.22,0
21800671,18/01/2019,Td Garden,25.42,0
21800672,18/01/2019,Little Caesars Arena,32.45,0
21800673,18/01/2019,Amway Center,64.49,0
21800674,18/01/2019,Target Center,21.89,0
21800675,18/01/2019,Vivint Smart Home Arena,41.05,0.0303
21800676,18/01/2019,Staples Center,61.59,0.0094
21800677,18/01/2019,Moda Center,50.92,0.0062
21800678,19/01/2019,Wells Fargo Arena,69.41,0
21800679,19/01/2019,Spectrum Center,46.42,0
21800680,19/01/2019,Little Caesars Arena,30.72,0
21800681,19/01/2019,Bankers Life Fieldhouse,35.42,0
21800682,19/01/2019,Amway Center,66.82,0
21800683,19/01/2019,State Farm Arena,55.11,0
21800684,19/01/2019,Scotiabank Arena,28.44,0.002
21800685,19/01/2019,United Center,29.45,0
21800686,19/01/2019,Toyota Center,71.62,0
21800687,19/01/2019,Pepsi Center,35.29,0.0024
21800688,20/01/2019,Bankers Life Fieldhouse,26.62,0.001
21800689,20/01/2019,Target Center,10.02,0
21800690,20/01/2019,At&t Center,60.74,0
21800691,21/01/2019,Madison Square Garden,21.76,0
21800692,21/01/2019,Quicken Loans Arena,13.03,0
21800693,21/01/2019,Capital Center,27.8,0
21800694,21/01/2019,Fiserv Forum,7.87,0
21800695,21/01/2019,State Farm Arena,35.42,0
21800696,21/01/2019,Barclays Center,22.32,0
21800697,21/01/2019,Fedex Forum,28.82,0
21800698,21/01/2019,Td Garden,24.24,0
21800699,21/01/2019,Wells Fargo Arena,73.77,0
21800700,21/01/2019,Vivint Smart Home Arena,46.14,0
21800701,21/01/2019,Staples Center,69.18,0
21800702,22/01/2019,Scotiabank Arena,10.84,0.0002
21800703,22/01/2019,Chesapeake Energy Arena,52.41,0
21800704,22/01/2019,American Airlines Center,57.81,0
21800705,22/01/2019,Talking Stick Resort Arena,65.12,0
21800706,23/01/2019,Bankers Life Fieldhouse,39.38,0.0092
21800707,23/01/2019,Td Garden,21.96,0
21800708,23/01/2019,Barclays Center,29.97,0
21800709,23/01/2019,American Airlines Center,61.65,0.0015
21800710,23/01/2019,Madison Square Garden,29.11,0
21800711,23/01/2019,Wells Fargo Arena,63.62,0
21800712,23/01/2019,United Center,31.73,0.0019
21800713,23/01/2019,Fedex Forum,52.49,0
21800714,23/01/2019,Smoothie King Center,68.45,0
21800715,23/01/2019,Vivint Smart Home Arena,32.14,0
1321800001,02/07/2018,Oracle Arena,71.16,0
1321800002,02/07/2018,Golden 1 Center,95.21,0
1321800003,03/07/2018,Staples Center,79.41,0
1321800004,03/07/2018,Golden 1 Center,88.12,0
1321800005,05/07/2018,Oracle Arena,67.84,0
1321800006,05/07/2018,Golden 1 Center,75.98,0
1421700001,01/07/2017,American Airlines Center,95.18,0
1421700002,01/07/2017,Bankers Life Fieldhouse,71.82,0.1219
1421700003,01/07/2017,American Airlines Center,95.18,0
1421700004,01/07/2017,Little Caesars Arena,72.53,0.076
1421700005,02/07/2017,Little Caesars Arena,83.02,0
1421700006,02/07/2017,American Airlines Center,80.85,0
1421700007,02/07/2017,Spectrum Center,76.28,0.0139
1421700008,03/07/2017,Chesapeake Energy Arena,84,0.0003
1421700009,03/07/2017,American Airlines Center,93.9,0
1421700010,03/07/2017,American Airlines Center,93.9,0
1421700011,04/07/2017,Chesapeake Energy Arena,93.67,0
1421700012,04/07/2017,American Airlines Center,93.05,0
1421700013,04/07/2017,Little Caesars Arena,79.77,0
1421700014,05/07/2017,Chesapeake Energy Arena,82.98,0
1421700015,05/07/2017,Little Caesars Arena,80.2,0
1421700016,05/07/2017,Madison Square Garden,83.49,0
1421700017,06/07/2017,American Airlines Center,92.76,0
1421700018,06/07/2017,Amway Center,91.46,0
1421700019,06/07/2017,Bankers Life Fieldhouse,84.12,0
1421700020,06/07/2017,American Airlines Center,92.76,0
1521700001,07/07/2017,Smoothie King Center,84.87,0
1521700002,07/07/2017,Quicken Loans Arena,79.67,0
1521700003,07/07/2017,State Farm Arena,82.84,0.0047
1521700004,07/07/2017,Staples Center,90.12,0
1521700005,07/07/2017,Pepsi Center,92.48,0
1521700006,07/07/2017,Golden 1 Center,99.48,0
1521700007,08/07/2017,Fedex Forum,90.8,0
1521700008,08/07/2017,United Center,77.55,0
1521700009,08/07/2017,Vivint Smart Home Arena,97.28,0
1521700010,08/07/2017,Target Center,78.46,0
1521700011,08/07/2017,At&t Center,94.82,0
1521700012,08/07/2017,Staples Center,96.32,0
1521700013,08/07/2017,Quicken Loans Arena,78.71,0
1521700014,08/07/2017,Oracle Arena,90.81,0
1521700015,09/07/2017,Smoothie King Center,83.38,0
1521700016,09/07/2017,American Airlines Center,85.47,0.0554
1521700017,09/07/2017,Barclays Center,82.49,0
1521700018,09/07/2017,Pepsi Center,80.88,0.0031
1521700019,09/07/2017,Staples Center,97.24,0
1521700020,09/07/2017,Td Garden,77.74,0.0018
1521700021,09/07/2017,Golden 1 Center,104.01,0
1521700022,09/07/2017,At&t Center,96.35,0
1521700023,10/07/2017,United Center,84.16,0
1521700024,10/07/2017,Capital Center,83.32,0
1521700025,10/07/2017,Smoothie King Center,83.17,0.0003
1521700026,10/07/2017,Talking Stick Resort Arena,107.25,0
1521700027,10/07/2017,Scotiabank Arena,78.75,0
1521700028,10/07/2017,Quicken Loans Arena,78.39,0
1521700029,10/07/2017,Fiserv Forum,82.79,0
1521700030,10/07/2017,Golden 1 Center,99.4,0
1521700031,11/07/2017,Moda Center,76.19,0
1521700032,11/07/2017,Fedex Forum,90.99,0
1521700033,11/07/2017,Capital Center,88.11,0
1521700034,11/07/2017,Td Garden,83.3,0
1521700035,11/07/2017,American Airlines Center,93.62,0
1521700036,11/07/2017,Target Center,84.14,0
1521700037,12/07/2017,State Farm Arena,78.91,0.0437
1521700038,12/07/2017,Toyota Center,84.51,0.0125
1521700039,12/07/2017,American Airlines Center,96.16,0
1521700040,12/07/2017,Target Center,84.65,0
1521700041,12/07/2017,Talking Stick Resort Arena,102.21,0
1521700042,12/07/2017,Fiserv Forum,79.81,0.0006
1521700043,12/07/2017,Moda Center,75.25,0
1521700044,12/07/2017,Staples Center,87.12,0
1521700045,13/07/2017,At&t Center,86.95,0.0006
1521700046,13/07/2017,Barclays Center,86.81,0
1521700047,13/07/2017,Td Garden,78.42,0.01
1521700048,13/07/2017,Staples Center,85.42,0
1521700049,13/07/2017,Fedex Forum,91.33,0
1521700050,13/07/2017,American Airlines Center,95.05,0
1521700051,13/07/2017,Scotiabank Arena,75.35,0.0256
1521700052,13/07/2017,Quicken Loans Arena,84.4,0
1521700053,14/07/2017,State Farm Arena,87.07,0.0049
1521700054,14/07/2017,Target Center,65.68,0
1521700055,14/07/2017,Fiserv Forum,76.55,0
1521700056,14/07/2017,Staples Center,85.42,0
1521700057,14/07/2017,Pepsi Center,84.27,0
1521700058,14/07/2017,United Center,82.18,0
1521700059,14/07/2017,Talking Stick Resort Arena,107.35,0
1521700060,14/07/2017,Scotiabank Arena,63.41,0
1521700061,15/07/2017,At&t Center,96.97,0
1521700062,15/07/2017,Fedex Forum,91.58,0.0038
1521700063,15/07/2017,American Airlines Center,95.55,0.0013
1521700064,15/07/2017,Barclays Center,69.29,0.0113
1521700065,16/07/2017,Fedex Forum,87.21,0.0016
1521700066,16/07/2017,American Airlines Center,92.73,0
1521700067,17/07/2017,Staples Center,83.87,0
1521800001,06/07/2018,Bankers Life Fieldhouse,74.12,0.0339
1521800002,06/07/2018,Smoothie King Center,83.97,0
1521800003,06/07/2018,Amway Center,79.72,0.0011
1521800004,06/07/2018,Spectrum Center,92.32,0
1521800005,06/07/2018,Little Caesars Arena,93.61,0
1521800006,06/07/2018,Wells Fargo Arena,112.58,0
1521800007,06/07/2018,Capital Center,89.47,0
1521800008,06/07/2018,Talking Stick Resort Arena,112.94,0
1521800009,06/07/2018,Target Center,80.46,0
1521800010,06/07/2018,Oracle Arena,74.7,0
1521800011,07/07/2018,Vivint Smart Home Arena,97.58,0
1521800012,07/07/2018,Bankers Life Fieldhouse,80.48,0
1521800013,07/07/2018,Smoothie King Center,85.82,0.0038
1521800014,07/07/2018,State Farm Arena,76.36,0.0988
1521800015,07/07/2018,Barclays Center,81.12,0
1521800016,07/07/2018,Golden 1 Center,90.14,0
1521800017,07/07/2018,Fedex Forum,80.57,0.0034
1521800018,07/07/2018,Quicken Loans Arena,73.71,0
1521800019,07/07/2018,Pepsi Center,88.76,0
1521800020,07/07/2018,Staples Center,110.23,0
1521800021,08/07/2018,Scotiabank Arena,77.27,NULL
1521800022,08/07/2018,At&t Center,88.96,0.0085
1521800023,08/07/2018,American Airlines Center,94.87,0
1521800024,08/07/2018,State Farm Arena,81.17,0.0175
1521800025,08/07/2018,Fiserv Forum,77.72,0
1521800026,08/07/2018,Toyota Center,87.9,0.0265
1521800027,08/07/2018,Madison Square Garden,73.6,0
1521800028,08/07/2018,Amway Center,80.25,0.0029
1521800029,08/07/2018,Staples Center,101.5,0
1521800030,08/07/2018,United Center,78.3,0
1521800031,09/07/2018,Little Caesars Arena,84.08,0
1521800032,09/07/2018,Chesapeake Energy Arena,88.89,0
1521800033,09/07/2018,Quicken Loans Arena,81.12,0
1521800034,09/07/2018,Wells Fargo Arena,108.89,0
1521800035,09/07/2018,Td Garden,81.51,0
1521800036,09/07/2018,American Airlines Center,92.23,0
1521800037,09/07/2018,Pepsi Center,95.33,0
1521800038,09/07/2018,Talking Stick Resort Arena,109.24,0
1521800039,09/07/2018,Target Center,88.77,0
1521800040,09/07/2018,Toyota Center,77.37,0.001
1521800041,10/07/2018,Moda Center,66.8,0
1521800042,10/07/2018,American Airlines Center,86.51,0.0049
1521800043,10/07/2018,United Center,89.41,0
1521800044,10/07/2018,Fedex Forum,85.55,0.0095
1521800045,10/07/2018,Madison Square Garden,83.93,0
1521800046,11/07/2018,Capital Center,92.2,0
1521800047,11/07/2018,Quicken Loans Arena,82.21,0
1521800048,11/07/2018,Toyota Center,89.31,0
1521800049,11/07/2018,American Airlines Center,80.89,0.0789
1521800050,11/07/2018,Target Center,84.06,0
1521800051,11/07/2018,Bankers Life Fieldhouse,84.04,0.0038
1521800052,11/07/2018,Pepsi Center,96.7,0
1521800053,11/07/2018,Spectrum Center,91.31,0
1521800054,12/07/2018,Smoothie King Center,83.26,0
1521800055,12/07/2018,Td Garden,74.11,0
1521800056,12/07/2018,Chesapeake Energy Arena,93.74,0
1521800057,12/07/2018,Talking Stick Resort Arena,98.32,0
1521800058,12/07/2018,Fiserv Forum,79.54,0
1521800059,12/07/2018,Staples Center,89.22,0
1521800060,12/07/2018,Amway Center,89.5,0
1521800061,12/07/2018,Moda Center,85.07,0
1521800062,13/07/2018,Bankers Life Fieldhouse,84.15,0
1521800063,13/07/2018,Smoothie King Center,90.12,0
1521800064,13/07/2018,American Airlines Center,81.19,0.0269
1521800065,13/07/2018,Talking Stick Resort Arena,99.33,0
1521800066,13/07/2018,Pepsi Center,80.46,0
1521800067,13/07/2018,Chesapeake Energy Arena,93.23,0
1521800068,13/07/2018,Oracle Arena,77.28,0
1521800069,13/07/2018,Staples Center,88.96,0
1521800070,14/07/2018,United Center,91.3,0
1521800071,14/07/2018,Toyota Center,89.82,0
1521800072,14/07/2018,Spectrum Center,86.63,0
1521800073,14/07/2018,Td Garden,76.52,0
1521800074,14/07/2018,Fiserv Forum,91.4,0
1521800075,14/07/2018,Vivint Smart Home Arena,93.83,0
1521800076,15/07/2018,Staples Center,88.31,0
1521800077,15/07/2018,Quicken Loans Arena,85.64,0
1521800078,15/07/2018,Moda Center,86.76,0
1521800079,15/07/2018,Fedex Forum,96.02,0
1521800080,16/07/2018,Staples Center,87.63,0
1521800081,16/07/2018,Moda Center,94.75,0
1521800082,17/07/2018,Staples Center,85.67,0
1621700001,03/07/2017,Wells Fargo Arena,107.99,0
1621700002,03/07/2017,Vivint Smart Home Arena,91.9,0
1621700003,05/07/2017,At&t Center,97.71,0
1621700004,05/07/2017,Vivint Smart Home Arena,96.96,0
1621700005,06/07/2017,At&t Center,95.96,0
1621700006,06/07/2017,Vivint Smart Home Arena,96.43,0
1621800001,02/07/2018,Fedex Forum,93.24,0
1621800002,02/07/2018,Vivint Smart Home Arena,82.58,0
1621800003,03/07/2018,State Farm Arena,87.63,0
1621800004,03/07/2018,Vivint Smart Home Arena,89.35,0
1621800005,05/07/2018,At&t Center,88.82,0.0607
1621800006,05/07/2018,Vivint Smart Home Arena,92.1,0
